"previous_year_rating";"education = Below Secondary";"employee_id";"department";"region";"gender";"recruitment_channel";"no_of_trainings";"age";"length_of_service";"awards_won?";"avg_training_score"
5.0;0;3720;"Sales & Marketing";"region_2";"m";"sourcing";1;36;4;0;49
3.2046296296296295;1;64076;"Operations";"region_2";"m";"other";1;21;1;0;56
3.2046296296296295;1;5387;"Technology";"region_5";"m";"other";1;23;1;0;81
3.0;0;26977;"Operations";"region_2";"m";"sourcing";1;28;3;0;59
5.0;0;2347;"Analytics";"region_15";"m";"other";2;37;8;0;82
4.0;1;14299;"Procurement";"region_2";"m";"sourcing";1;24;2;0;69
3.2046296296296295;0;42719;"Analytics";"region_21";"m";"sourcing";1;27;1;0;80
5.0;0;2721;"Analytics";"region_22";"f";"sourcing";2;26;3;0;86
4.0;0;3203;"Sales & Marketing";"region_2";"m";"sourcing";1;37;4;0;50
3.2046296296296295;1;50176;"HR";"region_27";"m";"other";1;23;1;0;51
1.0;0;26788;"Sales & Marketing";"region_26";"m";"sourcing";1;40;8;0;51
3.2046296296296295;1;47252;"Finance";"region_2";"m";"sourcing";1;23;1;0;58
3.2046296296296295;0;56772;"Sales & Marketing";"region_22";"m";"other";2;23;1;0;53
3.0;1;40057;"Procurement";"region_2";"m";"other";1;22;2;0;71
3.2046296296296295;1;71886;"Technology";"region_5";"m";"other";1;22;1;0;79
5.0;0;14778;"Analytics";"region_22";"m";"other";1;29;2;0;84
3.2046296296296295;0;65459;"Operations";"region_27";"m";"other";1;26;1;0;56
2.0;1;28127;"Technology";"region_13";"f";"sourcing";1;24;2;0;85
1.0;1;22403;"Finance";"region_28";"f";"other";1;26;2;0;54
3.0;0;63354;"Technology";"region_2";"f";"other";1;56;12;0;79
3.2046296296296295;0;12723;"Sales & Marketing";"region_27";"m";"sourcing";1;23;1;0;50
4.0;0;43657;"Sales & Marketing";"region_26";"m";"other";1;24;3;0;50
1.0;0;52076;"Sales & Marketing";"region_15";"m";"sourcing";1;45;14;0;55
3.2046296296296295;1;61193;"Legal";"region_22";"m";"other";1;26;1;0;63
3.2046296296296295;0;18612;"Sales & Marketing";"region_22";"m";"other";1;26;1;0;48
3.2046296296296295;1;60158;"Operations";"region_16";"f";"other";1;22;1;0;62
3.0;0;74667;"Sales & Marketing";"region_2";"f";"sourcing";1;36;7;0;49
4.0;0;38917;"Sales & Marketing";"region_1";"m";"other";1;28;5;0;49
1.0;0;50037;"Analytics";"region_2";"m";"other";1;28;3;0;82
4.0;0;53303;"Operations";"region_2";"f";"sourcing";1;58;5;0;64
5.0;1;1089;"HR";"region_26";"m";"other";1;23;2;0;50
3.0;0;64996;"Analytics";"region_22";"m";"sourcing";1;27;3;0;84
3.0;1;72065;"Operations";"region_14";"m";"other";1;22;2;0;57
3.2046296296296295;1;37385;"HR";"region_2";"m";"other";2;25;1;0;54
2.0;0;23708;"Sales & Marketing";"region_26";"m";"sourcing";3;32;8;0;49
3.0;0;58769;"Sales & Marketing";"region_1";"m";"other";1;27;6;0;53
3.2046296296296295;0;65943;"Sales & Marketing";"region_25";"m";"other";1;26;1;0;55
3.2046296296296295;1;65623;"Procurement";"region_2";"f";"sourcing";1;24;1;0;66
2.0;1;77061;"Procurement";"region_2";"m";"sourcing";4;23;2;0;72
3.0;0;16986;"Finance";"region_2";"m";"other";1;34;6;0;62
5.0;0;24677;"Sales & Marketing";"region_31";"m";"other";1;27;2;0;47
3.2046296296296295;0;3994;"Sales & Marketing";"region_16";"m";"other";1;23;1;0;50
4.0;0;21572;"Sales & Marketing";"region_2";"f";"other";1;34;3;0;51
4.0;0;3570;"Operations";"region_22";"m";"other";1;26;4;0;63
1.0;0;33835;"Sales & Marketing";"region_2";"m";"other";1;37;9;0;50
3.2046296296296295;0;42042;"Technology";"region_22";"m";"other";1;29;1;0;75
3.0;0;1749;"Technology";"region_2";"m";"other";2;34;6;0;85
3.0;0;54053;"Finance";"region_2";"f";"sourcing";1;39;13;0;65
3.0;0;31515;"Sales & Marketing";"region_2";"m";"other";2;30;4;0;45
3.2046296296296295;1;49494;"Procurement";"region_2";"f";"sourcing";3;24;1;0;70
3.0;0;2425;"Sales & Marketing";"region_26";"m";"other";1;29;4;0;55
3.0;0;53176;"Technology";"region_2";"m";"sourcing";1;41;12;0;80
3.2046296296296295;1;15692;"Procurement";"region_2";"m";"other";1;25;1;0;68
3.0;0;30353;"Operations";"region_2";"m";"other";2;35;5;0;55
4.0;1;16454;"Technology";"region_7";"m";"other";2;26;3;0;76
3.2046296296296295;0;983;"Sales & Marketing";"region_22";"m";"sourcing";1;26;1;0;50
5.0;1;75902;"Finance";"region_16";"m";"other";1;25;2;0;73
3.2046296296296295;1;44749;"Finance";"region_2";"m";"sourcing";1;24;1;0;56
3.0;0;75683;"Sales & Marketing";"region_19";"m";"other";1;39;3;0;53
3.2046296296296295;0;58375;"Sales & Marketing";"region_14";"m";"other";1;24;1;0;46
2.0;0;5139;"Sales & Marketing";"region_26";"m";"sourcing";1;27;3;0;48
3.2046296296296295;1;23828;"Procurement";"region_2";"m";"other";7;22;1;0;75
4.0;0;49647;"Sales & Marketing";"region_31";"m";"sourcing";1;34;7;0;51
3.0;0;49618;"Analytics";"region_31";"m";"sourcing";1;32;5;0;83
3.2046296296296295;0;51408;"Sales & Marketing";"region_2";"f";"other";2;23;1;0;51
2.0;0;77167;"Sales & Marketing";"region_2";"m";"other";1;39;14;0;47
5.0;0;55269;"Operations";"region_32";"m";"other";1;30;6;0;58
1.0;0;65121;"Sales & Marketing";"region_29";"f";"sourcing";1;28;1;0;48
3.0;0;15563;"Sales & Marketing";"region_7";"m";"other";1;38;7;0;51
4.0;0;55993;"Operations";"region_22";"m";"sourcing";1;27;3;0;60
3.0;0;56380;"Sales & Marketing";"region_2";"m";"sourcing";1;42;14;0;46
2.0;0;42628;"Sales & Marketing";"region_2";"m";"sourcing";1;22;2;0;47
3.2046296296296295;0;45424;"Sales & Marketing";"region_2";"m";"sourcing";1;25;1;0;49
3.0;0;17454;"Sales & Marketing";"region_2";"m";"other";1;34;4;0;48
4.0;0;69439;"Procurement";"region_2";"f";"other";1;47;15;0;72
4.0;0;53041;"Operations";"region_15";"m";"other";1;30;2;0;64
3.0;0;11480;"Sales & Marketing";"region_21";"m";"sourcing";1;33;7;0;49
1.0;0;54593;"Analytics";"region_22";"f";"sourcing";1;29;2;0;86
1.0;0;43696;"Sales & Marketing";"region_2";"f";"sourcing";1;33;6;0;49
3.2046296296296295;1;19443;"Procurement";"region_2";"m";"sourcing";2;22;1;0;70
3.2046296296296295;1;50237;"Finance";"region_2";"m";"sourcing";2;25;1;0;61
1.0;0;10260;"Sales & Marketing";"region_32";"m";"other";1;28;5;0;47
3.0;0;75283;"Sales & Marketing";"region_19";"m";"sourcing";1;34;6;0;49
3.0;0;27757;"Sales & Marketing";"region_2";"m";"other";2;34;6;0;51
3.2046296296296295;0;61900;"Sales & Marketing";"region_15";"m";"other";1;23;1;0;49
4.0;0;76994;"Sales & Marketing";"region_2";"m";"other";2;27;2;0;48
3.2046296296296295;0;59193;"Sales & Marketing";"region_26";"m";"other";1;26;1;0;48
2.0;0;37528;"Sales & Marketing";"region_1";"m";"sourcing";1;29;5;0;47
3.2046296296296295;0;44489;"Sales & Marketing";"region_9";"m";"other";1;23;1;0;56
5.0;0;60654;"Sales & Marketing";"region_6";"m";"other";1;30;5;0;47
3.2046296296296295;0;34431;"Sales & Marketing";"region_2";"m";"other";1;22;1;0;51
1.0;0;12811;"Sales & Marketing";"region_15";"m";"other";1;32;2;0;47
3.0;0;700;"Analytics";"region_22";"m";"other";1;33;10;0;87
5.0;0;48784;"Sales & Marketing";"region_2";"f";"other";1;22;1;0;45
3.0;0;31670;"Operations";"region_15";"m";"other";1;38;2;0;62
3.0;0;38284;"Sales & Marketing";"region_32";"f";"sourcing";1;29;5;0;52
3.0;0;9064;"Sales & Marketing";"region_7";"m";"other";1;36;5;0;51
3.2046296296296295;0;11626;"Analytics";"region_22";"m";"sourcing";1;27;1;1;88
3.2046296296296295;1;52691;"Procurement";"region_2";"f";"sourcing";1;26;1;0;68
4.0;1;29525;"HR";"region_2";"m";"other";1;26;4;0;48
3.2046296296296295;0;58716;"Sales & Marketing";"region_6";"m";"other";1;30;1;0;48
3.2046296296296295;1;10712;"Legal";"region_13";"m";"other";1;26;1;0;55
3.0;0;1346;"Analytics";"region_2";"m";"other";1;43;13;0;85
5.0;0;71446;"Operations";"region_16";"f";"other";1;31;7;0;64
3.0;0;34725;"Operations";"region_23";"m";"sourcing";1;29;7;0;55
5.0;0;76569;"Analytics";"region_22";"m";"sourcing";1;24;3;0;85
3.0;0;54159;"Sales & Marketing";"region_9";"m";"sourcing";1;29;4;0;48
3.2046296296296295;0;10009;"Sales & Marketing";"region_2";"m";"sourcing";2;21;1;0;52
2.0;0;62135;"Sales & Marketing";"region_32";"m";"sourcing";1;29;4;0;44
1.0;0;64525;"Sales & Marketing";"region_23";"m";"sourcing";1;33;7;0;49
1.0;0;41758;"Sales & Marketing";"region_13";"m";"sourcing";1;31;6;0;49
5.0;0;3668;"Sales & Marketing";"region_7";"m";"sourcing";1;25;2;0;69
3.0;0;69866;"Operations";"region_32";"m";"sourcing";1;28;2;0;61
3.0;0;63453;"HR";"region_26";"m";"sourcing";1;30;6;0;51
5.0;1;22569;"Operations";"region_22";"f";"other";1;26;5;0;59
4.0;0;40914;"Sales & Marketing";"region_7";"f";"other";1;25;3;0;48
5.0;0;27978;"Procurement";"region_2";"f";"sourcing";1;35;5;0;74
3.0;0;8264;"Sales & Marketing";"region_2";"m";"other";1;29;2;0;52
3.0;1;1501;"Technology";"region_27";"m";"sourcing";1;25;4;0;79
3.0;1;33269;"Operations";"region_2";"f";"sourcing";1;23;2;0;60
4.0;1;49279;"Operations";"region_2";"f";"sourcing";1;26;3;0;60
1.0;0;73513;"Sales & Marketing";"region_9";"m";"other";1;39;7;0;53
3.2046296296296295;0;50738;"Sales & Marketing";"region_2";"m";"sourcing";1;28;1;0;55
5.0;0;16624;"Sales & Marketing";"region_32";"f";"other";1;27;5;0;51
3.2046296296296295;0;77563;"Sales & Marketing";"region_2";"m";"sourcing";1;24;1;0;44
3.2046296296296295;1;21114;"Legal";"region_7";"m";"sourcing";1;26;1;0;58
4.0;0;51676;"Analytics";"region_29";"m";"sourcing";1;30;3;0;83
4.0;0;25917;"Technology";"region_7";"m";"other";1;24;1;0;79
5.0;1;46205;"Operations";"region_22";"f";"other";1;24;2;0;60
3.0;0;73917;"Sales & Marketing";"region_2";"f";"sourcing";1;25;2;0;51
3.0;0;19094;"Procurement";"region_26";"m";"other";1;33;7;0;70
3.2046296296296295;0;13022;"Analytics";"region_2";"m";"sourcing";1;25;1;0;92
5.0;0;24703;"Sales & Marketing";"region_28";"m";"other";1;34;10;0;55
5.0;1;31387;"Technology";"region_2";"m";"other";1;25;2;0;83
2.0;0;35969;"Sales & Marketing";"region_26";"m";"other";1;31;5;0;48
3.0;0;74554;"Sales & Marketing";"region_13";"m";"other";1;45;7;0;57
1.0;0;18385;"Sales & Marketing";"region_1";"m";"other";1;28;3;0;47
3.0;1;60717;"Operations";"region_2";"f";"other";1;25;2;0;55
4.0;0;47949;"Analytics";"region_22";"m";"other";2;26;3;0;83
5.0;0;63732;"Operations";"region_32";"m";"other";1;31;6;0;56
5.0;0;1893;"Sales & Marketing";"region_2";"m";"sourcing";1;22;2;1;60
3.0;0;18333;"Sales & Marketing";"region_28";"m";"sourcing";1;32;7;0;51
3.0;1;55621;"HR";"region_32";"m";"other";1;24;3;0;53
5.0;0;8406;"Sales & Marketing";"region_7";"m";"other";1;31;6;0;50
3.0;1;61355;"HR";"region_16";"f";"other";1;25;1;0;53
3.0;0;56741;"Sales & Marketing";"region_14";"m";"other";2;25;2;0;46
1.0;0;7930;"Sales & Marketing";"region_19";"m";"sourcing";1;35;7;0;50
3.2046296296296295;0;11549;"Sales & Marketing";"region_2";"m";"other";1;22;1;0;51
5.0;0;39762;"Operations";"region_2";"f";"other";1;28;2;0;61
2.0;0;40409;"Analytics";"region_22";"m";"sourcing";1;26;5;0;84
3.0;1;29225;"Procurement";"region_2";"f";"sourcing";1;25;4;0;71
3.2046296296296295;1;18191;"Technology";"region_2";"m";"other";2;24;1;0;93
4.0;0;13041;"Analytics";"region_22";"m";"sourcing";1;28;2;0;83
3.2046296296296295;0;13902;"Sales & Marketing";"region_13";"m";"sourcing";1;23;1;0;53
5.0;0;59634;"Sales & Marketing";"region_2";"m";"sourcing";1;37;6;0;48
3.0;0;58057;"Sales & Marketing";"region_2";"m";"sourcing";1;44;3;0;54
5.0;0;29339;"Technology";"region_26";"m";"other";1;35;10;0;83
3.0;0;42104;"R&D";"region_22";"m";"sourcing";1;28;5;0;84
3.2046296296296295;1;24106;"Operations";"region_7";"f";"other";1;25;1;0;62
5.0;0;58356;"Analytics";"region_22";"m";"other";1;29;6;0;83
4.0;0;54777;"Sales & Marketing";"region_7";"m";"other";1;25;4;0;53
3.0;0;7203;"Sales & Marketing";"region_22";"m";"sourcing";1;28;2;1;47
5.0;1;850;"Technology";"region_27";"m";"other";1;25;2;0;89
2.0;0;11137;"Sales & Marketing";"region_16";"m";"other";1;41;11;0;54
3.0;0;64782;"Sales & Marketing";"region_7";"m";"other";3;31;3;0;51
4.0;1;31639;"Legal";"region_2";"m";"sourcing";1;29;3;0;64
3.0;0;54011;"Sales & Marketing";"region_1";"m";"sourcing";1;28;2;0;48
3.2046296296296295;0;35551;"Sales & Marketing";"region_7";"f";"sourcing";1;23;1;0;52
2.0;0;53538;"Sales & Marketing";"region_2";"m";"sourcing";2;20;2;0;50
3.0;0;33975;"Sales & Marketing";"region_15";"f";"other";1;31;4;0;50
3.0;0;30824;"Analytics";"region_2";"m";"other";1;45;13;0;84
3.0;0;69581;"Sales & Marketing";"region_2";"m";"other";1;30;1;0;51
3.2046296296296295;0;41968;"Sales & Marketing";"region_2";"f";"sourcing";1;26;1;0;47
5.0;1;21423;"Legal";"region_22";"m";"sourcing";1;26;3;0;60
3.0;1;17741;"Procurement";"region_7";"m";"sourcing";2;24;3;0;73
3.0;0;2788;"Finance";"region_2";"m";"other";1;44;15;0;58
1.0;0;35065;"Sales & Marketing";"region_9";"m";"other";1;30;4;0;52
3.0;0;54366;"Analytics";"region_22";"m";"sourcing";1;23;1;0;88
5.0;0;37972;"Analytics";"region_22";"m";"sourcing";4;27;3;0;86
4.0;0;36161;"Sales & Marketing";"region_2";"m";"other";1;37;4;0;47
4.0;0;17184;"Finance";"region_2";"m";"other";1;34;6;0;59
3.2046296296296295;0;20443;"Sales & Marketing";"region_31";"m";"sourcing";1;23;1;0;42
5.0;0;55912;"Sales & Marketing";"region_15";"m";"sourcing";1;39;10;0;51
2.0;0;40076;"Sales & Marketing";"region_2";"f";"other";1;34;4;0;50
3.2046296296296295;1;44337;"Procurement";"region_2";"f";"other";2;21;1;0;71
3.0;1;62917;"Procurement";"region_2";"m";"other";3;25;4;0;70
3.2046296296296295;1;19216;"Procurement";"region_7";"m";"sourcing";1;23;1;0;71
3.0;0;75686;"Sales & Marketing";"region_2";"f";"other";1;29;7;0;50
4.0;1;73001;"Technology";"region_16";"f";"other";1;22;2;0;79
3.0;0;60096;"Sales & Marketing";"region_30";"m";"sourcing";1;25;3;0;54
3.2046296296296295;0;18740;"Analytics";"region_32";"m";"other";2;27;1;0;84
3.2046296296296295;0;21974;"Sales & Marketing";"region_25";"m";"other";1;27;1;0;48
5.0;0;20509;"Sales & Marketing";"region_22";"m";"other";1;24;1;0;50
5.0;0;44007;"Sales & Marketing";"region_2";"m";"sourcing";1;32;3;0;47
2.0;0;71683;"Sales & Marketing";"region_27";"m";"sourcing";1;32;7;0;54
3.2046296296296295;0;73556;"Sales & Marketing";"region_5";"m";"other";1;22;1;0;48
5.0;0;33753;"Sales & Marketing";"region_7";"m";"sourcing";1;28;6;0;46
3.2046296296296295;1;50998;"Operations";"region_2";"m";"sourcing";1;26;1;0;57
3.0;0;71150;"Sales & Marketing";"region_13";"m";"other";1;23;2;0;53
5.0;0;35204;"Sales & Marketing";"region_25";"m";"sourcing";1;26;5;0;44
5.0;0;76867;"Sales & Marketing";"region_2";"f";"sourcing";1;36;9;0;48
5.0;0;60807;"Sales & Marketing";"region_2";"m";"sourcing";1;23;2;0;48
2.0;0;46929;"Analytics";"region_22";"m";"other";1;28;2;0;84
5.0;0;38689;"Sales & Marketing";"region_16";"m";"sourcing";1;32;6;0;54
3.2046296296296295;1;34286;"Technology";"region_2";"m";"other";1;25;1;0;78
1.0;0;34947;"Sales & Marketing";"region_2";"m";"other";1;21;2;0;49
3.0;0;39475;"HR";"region_2";"m";"sourcing";1;30;9;0;44
3.0;0;12031;"Sales & Marketing";"region_16";"m";"other";1;25;2;0;48
3.0;0;74159;"Sales & Marketing";"region_11";"m";"sourcing";1;36;10;0;51
3.2046296296296295;1;41574;"Technology";"region_2";"m";"referred";1;22;1;0;74
4.0;0;25307;"Technology";"region_27";"m";"other";2;28;4;0;84
3.0;0;19739;"Sales & Marketing";"region_31";"m";"other";2;30;7;0;46
3.2046296296296295;1;37848;"HR";"region_2";"m";"referred";1;22;1;0;52
5.0;0;71752;"Sales & Marketing";"region_2";"m";"referred";2;24;2;0;44
2.0;0;27620;"Sales & Marketing";"region_2";"m";"other";3;49;20;0;51
4.0;0;18998;"Sales & Marketing";"region_16";"m";"other";1;25;2;0;51
2.0;0;42158;"Operations";"region_2";"f";"other";1;53;11;0;61
4.0;1;21345;"HR";"region_2";"m";"sourcing";1;21;2;0;89
3.0;0;14211;"Analytics";"region_22";"m";"sourcing";1;32;8;0;86
3.0;0;46711;"Operations";"region_2";"f";"other";1;49;10;0;58
3.0;0;64049;"Sales & Marketing";"region_7";"m";"other";1;35;10;0;47
1.0;0;42230;"Analytics";"region_2";"m";"other";1;23;2;0;87
4.0;1;28649;"Technology";"region_5";"f";"other";1;22;1;1;83
3.0;0;38743;"Analytics";"region_32";"m";"sourcing";1;27;3;0;84
3.2046296296296295;1;44960;"HR";"region_7";"m";"other";1;26;1;0;52
1.0;0;67671;"Sales & Marketing";"region_21";"m";"sourcing";1;39;9;0;49
2.0;0;2897;"Sales & Marketing";"region_2";"m";"sourcing";1;32;3;0;52
3.0;1;42148;"Technology";"region_22";"m";"other";1;26;4;0;80
4.0;1;11441;"Operations";"region_7";"m";"other";1;25;3;0;56
3.0;0;39929;"Sales & Marketing";"region_2";"m";"sourcing";2;24;2;0;49
1.0;0;55345;"Sales & Marketing";"region_2";"m";"sourcing";1;43;12;0;49
3.0;0;55746;"Sales & Marketing";"region_15";"m";"sourcing";1;20;2;0;52
3.2046296296296295;0;49820;"Sales & Marketing";"region_26";"m";"sourcing";1;24;1;0;43
1.0;0;20112;"Sales & Marketing";"region_23";"m";"other";1;34;2;0;49
3.0;0;11481;"Sales & Marketing";"region_16";"m";"other";1;29;4;0;46
1.0;0;72112;"Sales & Marketing";"region_22";"f";"other";1;28;5;0;52
3.0;0;21052;"Sales & Marketing";"region_16";"m";"sourcing";1;24;2;0;50
3.0;1;48229;"Finance";"region_22";"f";"sourcing";2;24;2;0;61
1.0;0;49391;"Sales & Marketing";"region_15";"m";"other";1;27;4;0;49
3.0;1;12219;"Operations";"region_2";"m";"other";2;24;5;0;59
3.0;1;23428;"Operations";"region_2";"f";"other";1;21;2;0;61
3.2046296296296295;1;49506;"Procurement";"region_2";"m";"sourcing";3;24;1;0;70
3.0;1;42035;"Procurement";"region_16";"f";"other";2;23;2;0;68
5.0;1;45763;"Technology";"region_7";"m";"sourcing";2;24;2;1;78
3.2046296296296295;1;65599;"Operations";"region_2";"f";"other";1;23;1;0;61
3.2046296296296295;0;22044;"Sales & Marketing";"region_16";"m";"other";1;21;1;0;48
3.2046296296296295;0;47173;"Sales & Marketing";"region_2";"m";"other";2;21;1;0;52
4.0;1;51695;"Finance";"region_2";"f";"other";1;23;2;0;58
3.0;0;17546;"Sales & Marketing";"region_15";"m";"sourcing";1;38;4;0;44
5.0;0;46611;"Sales & Marketing";"region_2";"m";"sourcing";1;23;2;0;48
5.0;0;59184;"R&D";"region_22";"m";"sourcing";1;28;2;0;85
3.2046296296296295;1;56504;"Technology";"region_2";"m";"sourcing";1;25;1;0;81
5.0;0;34548;"Sales & Marketing";"region_7";"m";"other";1;26;3;0;46
5.0;1;64625;"HR";"region_2";"m";"sourcing";1;21;2;0;49
5.0;0;43733;"Sales & Marketing";"region_2";"m";"other";1;26;2;0;47
3.0;1;46845;"Technology";"region_5";"f";"other";1;24;1;0;77
3.0;0;6646;"Sales & Marketing";"region_9";"m";"sourcing";1;33;5;0;47
3.2046296296296295;1;60967;"Procurement";"region_2";"m";"other";1;25;1;0;67
3.0;0;13990;"Sales & Marketing";"region_22";"f";"sourcing";1;27;4;0;49
4.0;1;72436;"Operations";"region_2";"f";"sourcing";1;25;3;0;55
2.0;1;57193;"HR";"region_7";"m";"other";1;24;2;0;62
5.0;1;4902;"Procurement";"region_2";"m";"other";8;26;3;0;71
3.0;0;67977;"Procurement";"region_2";"m";"sourcing";1;34;9;0;63
3.0;1;52494;"Procurement";"region_2";"m";"other";1;20;2;0;70
4.0;0;13429;"Sales & Marketing";"region_16";"f";"other";1;22;2;0;50
3.0;0;3450;"Sales & Marketing";"region_1";"m";"sourcing";1;33;3;0;50
4.0;0;141;"Sales & Marketing";"region_22";"m";"other";1;29;5;0;48
3.0;0;67933;"Operations";"region_2";"f";"sourcing";1;35;8;0;58
4.0;1;15994;"Legal";"region_2";"f";"other";1;27;2;0;54
3.2046296296296295;1;54103;"Operations";"region_2";"m";"sourcing";2;25;1;0;59
2.0;0;66909;"Sales & Marketing";"region_7";"m";"other";1;28;5;0;53
3.0;0;40264;"Sales & Marketing";"region_2";"m";"other";1;34;7;0;48
3.2046296296296295;1;7467;"Procurement";"region_2";"f";"other";1;20;1;0;69
1.0;0;21532;"Analytics";"region_2";"m";"sourcing";1;40;6;0;80
1.0;0;22794;"Sales & Marketing";"region_2";"m";"sourcing";2;33;4;0;56
5.0;0;13311;"Sales & Marketing";"region_23";"m";"sourcing";2;30;6;0;50
3.2046296296296295;1;21287;"Technology";"region_2";"f";"sourcing";2;22;1;0;84
1.0;0;30423;"Sales & Marketing";"region_2";"f";"sourcing";1;46;14;0;53
1.0;0;43974;"Technology";"region_2";"f";"other";1;48;11;0;80
3.2046296296296295;0;19247;"Sales & Marketing";"region_22";"m";"other";2;22;1;0;50
4.0;0;66433;"Sales & Marketing";"region_9";"m";"other";1;29;2;0;51
3.0;0;51987;"Sales & Marketing";"region_2";"m";"other";1;28;5;0;52
4.0;0;19394;"Analytics";"region_22";"m";"sourcing";3;28;4;0;87
3.2046296296296295;1;37096;"Operations";"region_22";"m";"other";1;24;1;0;62
3.2046296296296295;1;38572;"Finance";"region_2";"m";"sourcing";1;24;1;0;54
3.0;0;43727;"Sales & Marketing";"region_27";"m";"other";1;29;5;0;47
5.0;0;18005;"Sales & Marketing";"region_2";"m";"other";1;40;7;0;55
3.0;1;6664;"Technology";"region_2";"m";"sourcing";2;24;1;0;79
5.0;0;37670;"Analytics";"region_22";"m";"other";1;26;2;0;85
2.0;0;54213;"Sales & Marketing";"region_31";"m";"sourcing";1;32;3;0;47
3.0;0;65972;"Sales & Marketing";"region_22";"m";"other";1;25;2;0;50
2.0;1;70863;"Operations";"region_26";"m";"other";1;25;3;0;55
4.0;0;69490;"Operations";"region_8";"f";"other";1;31;5;0;57
3.0;0;43154;"Sales & Marketing";"region_26";"m";"other";1;31;2;0;50
3.0;0;517;"HR";"region_2";"f";"sourcing";1;33;4;0;50
1.0;0;68087;"Analytics";"region_2";"m";"sourcing";1;28;6;0;87
1.0;0;68779;"Sales & Marketing";"region_2";"m";"other";1;20;2;0;52
3.0;0;71104;"Sales & Marketing";"region_2";"m";"other";1;49;19;0;46
5.0;0;48590;"Procurement";"region_2";"f";"other";1;47;15;0;69
5.0;0;23015;"Analytics";"region_29";"m";"other";1;28;2;0;86
5.0;0;30342;"Procurement";"region_2";"m";"sourcing";1;33;6;0;71
3.2046296296296295;0;72809;"Sales & Marketing";"region_22";"m";"sourcing";1;26;1;0;49
3.0;0;21759;"Sales & Marketing";"region_13";"m";"sourcing";1;39;8;0;53
5.0;0;31201;"Sales & Marketing";"region_23";"m";"sourcing";1;33;9;0;51
2.0;0;15399;"Sales & Marketing";"region_2";"m";"other";1;33;8;0;52
1.0;1;74329;"Legal";"region_2";"f";"sourcing";1;27;2;0;63
3.0;0;41396;"Sales & Marketing";"region_26";"m";"sourcing";1;31;7;0;51
5.0;0;26455;"Operations";"region_22";"m";"sourcing";1;26;2;0;61
5.0;1;21333;"Operations";"region_7";"f";"other";1;26;3;0;63
3.2046296296296295;0;35830;"Sales & Marketing";"region_22";"m";"other";1;25;1;0;47
5.0;0;49031;"Sales & Marketing";"region_28";"m";"sourcing";1;33;4;0;51
2.0;0;51376;"Operations";"region_22";"m";"other";1;27;3;0;61
2.0;0;34632;"Sales & Marketing";"region_22";"m";"sourcing";1;22;2;0;48
1.0;0;56323;"Sales & Marketing";"region_1";"m";"sourcing";1;27;4;0;47
5.0;1;9606;"Procurement";"region_2";"f";"sourcing";1;20;2;0;73
4.0;0;75991;"Sales & Marketing";"region_22";"m";"other";1;28;4;0;50
3.2046296296296295;1;17852;"Procurement";"region_2";"f";"sourcing";2;23;1;0;70
3.0;0;59555;"Operations";"region_22";"m";"other";1;25;2;0;60
3.0;0;61861;"Technology";"region_2";"m";"sourcing";1;40;3;0;79
3.0;0;14517;"Sales & Marketing";"region_26";"m";"other";2;29;3;0;48
3.0;0;38787;"Sales & Marketing";"region_29";"m";"sourcing";1;22;2;0;51
1.0;0;4372;"Finance";"region_22";"m";"sourcing";1;29;2;0;58
2.0;0;13126;"Operations";"region_15";"m";"other";1;42;4;0;55
2.0;0;13677;"Sales & Marketing";"region_2";"m";"other";1;29;3;0;48
3.0;0;24567;"Operations";"region_2";"m";"other";1;30;9;0;60
3.0;0;74581;"HR";"region_2";"m";"other";1;30;2;0;52
4.0;0;16876;"Technology";"region_26";"m";"other";2;30;3;0;79
3.0;0;47417;"Operations";"region_31";"m";"other";1;28;6;0;60
3.2046296296296295;1;45044;"HR";"region_2";"f";"other";1;24;1;0;52
3.2046296296296295;1;31172;"Technology";"region_2";"f";"sourcing";1;21;1;0;82
3.0;0;35336;"Technology";"region_2";"m";"sourcing";2;41;7;0;82
3.0;0;47969;"Sales & Marketing";"region_2";"m";"other";1;20;2;0;50
4.0;0;51469;"Sales & Marketing";"region_31";"m";"sourcing";1;23;2;0;51
3.0;0;28874;"Operations";"region_7";"m";"sourcing";1;31;5;0;61
4.0;0;71851;"Analytics";"region_22";"m";"other";1;27;3;0;84
5.0;0;39843;"Sales & Marketing";"region_11";"m";"other";1;36;8;0;49
3.2046296296296295;0;38693;"Sales & Marketing";"region_7";"m";"other";1;20;1;0;48
5.0;1;22719;"Procurement";"region_2";"m";"other";1;21;2;0;72
3.2046296296296295;1;3965;"Procurement";"region_2";"m";"sourcing";2;22;1;0;71
5.0;1;75353;"Technology";"region_2";"f";"other";1;22;2;0;79
1.0;0;23302;"Sales & Marketing";"region_7";"m";"sourcing";1;39;9;0;48
3.0;1;60251;"Technology";"region_27";"f";"other";1;24;3;0;79
3.0;0;833;"Operations";"region_15";"m";"sourcing";1;33;5;0;62
3.2046296296296295;1;26862;"Finance";"region_2";"m";"other";1;24;1;0;61
3.2046296296296295;0;38475;"Sales & Marketing";"region_7";"m";"other";1;24;1;0;49
4.0;0;36753;"Analytics";"region_28";"m";"other";2;34;7;0;82
5.0;0;10771;"Sales & Marketing";"region_22";"m";"other";1;27;2;0;50
3.0;0;30580;"Sales & Marketing";"region_2";"m";"other";1;32;5;0;45
3.0;0;32882;"Sales & Marketing";"region_29";"f";"sourcing";1;28;4;0;45
3.0;0;29201;"Analytics";"region_7";"m";"sourcing";3;24;2;0;81
5.0;0;62087;"Sales & Marketing";"region_2";"m";"sourcing";1;34;4;0;52
3.2046296296296295;0;66214;"Sales & Marketing";"region_22";"m";"sourcing";1;23;1;0;50
3.0;0;38377;"Sales & Marketing";"region_15";"m";"other";1;30;3;0;49
4.0;0;60504;"Sales & Marketing";"region_13";"m";"sourcing";1;32;5;0;44
2.0;0;57421;"Analytics";"region_7";"m";"sourcing";1;24;2;0;85
2.0;1;13793;"Procurement";"region_7";"f";"sourcing";1;25;2;0;72
5.0;0;32813;"Sales & Marketing";"region_2";"f";"other";1;56;6;0;46
3.0;0;40892;"Sales & Marketing";"region_28";"m";"sourcing";2;34;8;0;50
1.0;1;45386;"HR";"region_2";"m";"other";1;21;2;0;48
3.2046296296296295;1;44826;"HR";"region_2";"f";"other";1;22;1;0;52
5.0;0;26604;"HR";"region_2";"m";"other";1;34;9;0;55
4.0;1;14392;"Technology";"region_2";"m";"sourcing";1;23;2;0;79
3.2046296296296295;1;19157;"Legal";"region_2";"m";"other";1;24;1;0;57
5.0;0;10103;"Analytics";"region_2";"m";"sourcing";1;32;6;0;86
3.2046296296296295;1;64099;"Operations";"region_2";"m";"sourcing";1;24;1;0;61
3.0;0;27306;"Sales & Marketing";"region_2";"m";"sourcing";1;27;2;0;47
3.0;0;27387;"Sales & Marketing";"region_2";"m";"other";1;26;2;0;47
3.2046296296296295;1;27007;"Technology";"region_27";"f";"sourcing";2;23;1;0;79
3.2046296296296295;1;66991;"Procurement";"region_2";"m";"other";1;25;1;0;70
2.0;0;5957;"Sales & Marketing";"region_27";"m";"sourcing";2;24;1;0;49
5.0;0;4622;"Sales & Marketing";"region_2";"m";"other";1;42;4;0;51
3.0;1;74344;"Technology";"region_2";"m";"referred";1;25;2;0;85
3.2046296296296295;0;61065;"Sales & Marketing";"region_2";"f";"other";1;20;1;0;43
4.0;0;64067;"Analytics";"region_2";"m";"other";1;36;6;0;89
4.0;0;27739;"Sales & Marketing";"region_22";"m";"sourcing";1;27;4;0;48
3.0;1;5122;"Technology";"region_16";"m";"other";1;24;1;0;79
3.2046296296296295;0;15555;"Analytics";"region_2";"m";"other";1;28;1;0;85
3.0;0;33125;"Analytics";"region_22";"m";"other";1;28;6;0;82
1.0;0;70928;"Technology";"region_31";"f";"other";1;27;2;0;83
3.0;0;60888;"Procurement";"region_2";"f";"sourcing";1;47;19;0;67
3.0;0;55026;"Operations";"region_32";"m";"sourcing";1;27;4;0;58
3.0;0;48698;"Sales & Marketing";"region_2";"m";"other";1;27;5;0;52
3.0;0;31479;"Operations";"region_15";"f";"other";1;33;6;0;64
3.0;1;13840;"Technology";"region_2";"f";"sourcing";1;23;2;0;80
3.2046296296296295;0;55194;"Analytics";"region_22";"m";"other";1;25;1;0;82
3.0;1;57703;"Finance";"region_2";"m";"other";1;22;2;0;62
1.0;0;43030;"Finance";"region_2";"m";"other";3;38;7;0;63
4.0;1;72217;"Technology";"region_2";"m";"sourcing";1;23;2;0;78
4.0;0;77971;"Operations";"region_2";"f";"other";1;30;6;0;59
3.2046296296296295;0;56110;"Sales & Marketing";"region_27";"m";"other";1;27;1;0;54
3.2046296296296295;0;77707;"Sales & Marketing";"region_7";"m";"sourcing";1;26;1;0;50
3.2046296296296295;0;17437;"Operations";"region_32";"m";"sourcing";1;30;1;0;56
1.0;0;50801;"Procurement";"region_2";"f";"sourcing";1;31;6;0;69
4.0;0;50170;"Procurement";"region_15";"f";"sourcing";1;53;7;0;69
2.0;1;32488;"Procurement";"region_22";"m";"other";2;20;2;0;69
3.2046296296296295;0;18140;"Sales & Marketing";"region_28";"m";"other";1;29;1;0;49
3.0;0;49676;"Sales & Marketing";"region_7";"m";"other";2;28;5;0;53
1.0;0;15034;"Analytics";"region_28";"m";"other";1;31;6;0;84
1.0;0;32499;"Sales & Marketing";"region_7";"m";"other";1;35;7;0;44
3.0;0;74867;"Analytics";"region_31";"m";"other";1;31;2;0;85
3.2046296296296295;1;55751;"Procurement";"region_7";"m";"other";3;23;1;0;67
3.0;0;24523;"HR";"region_2";"f";"sourcing";1;32;7;0;50
2.0;0;16987;"Sales & Marketing";"region_31";"m";"other";1;26;3;0;54
2.0;0;14340;"Procurement";"region_2";"f";"sourcing";1;41;5;0;66
3.0;0;65336;"Operations";"region_22";"m";"other";1;26;4;0;66
3.0;0;23074;"Sales & Marketing";"region_2";"f";"sourcing";1;37;9;0;50
5.0;1;9282;"Procurement";"region_26";"f";"other";1;23;1;0;71
5.0;0;38667;"HR";"region_2";"f";"sourcing";1;24;2;0;49
5.0;0;74591;"Sales & Marketing";"region_7";"m";"sourcing";3;25;3;0;66
3.0;0;45671;"Sales & Marketing";"region_2";"f";"sourcing";1;54;23;0;51
5.0;0;22450;"Sales & Marketing";"region_2";"m";"other";1;32;6;0;50
3.0;1;41754;"Procurement";"region_2";"f";"sourcing";1;20;2;0;71
3.0;0;43781;"Sales & Marketing";"region_22";"m";"other";1;27;2;0;47
5.0;1;37282;"Procurement";"region_2";"m";"sourcing";1;22;2;0;68
5.0;0;25631;"Procurement";"region_2";"f";"other";1;31;8;0;69
3.0;0;38268;"Sales & Marketing";"region_31";"m";"sourcing";1;23;2;0;45
3.2046296296296295;1;69749;"Technology";"region_26";"m";"sourcing";1;24;1;0;76
3.0;0;58118;"Analytics";"region_28";"m";"other";2;34;6;0;84
3.2046296296296295;0;34238;"Sales & Marketing";"region_2";"m";"other";2;24;1;0;49
3.2046296296296295;1;77794;"Operations";"region_25";"m";"sourcing";1;24;1;0;60
2.0;0;37595;"Analytics";"region_29";"m";"sourcing";1;28;3;0;87
3.2046296296296295;0;66788;"Sales & Marketing";"region_15";"m";"other";1;26;1;0;49
3.0;0;41089;"Analytics";"region_22";"m";"other";2;27;2;0;81
3.0;0;18254;"Sales & Marketing";"region_16";"f";"other";1;22;2;0;51
2.0;0;38158;"Sales & Marketing";"region_3";"m";"sourcing";1;24;2;0;49
5.0;0;46702;"Sales & Marketing";"region_2";"f";"sourcing";1;30;7;0;53
3.0;1;8275;"Procurement";"region_2";"f";"sourcing";1;24;2;1;67
3.2046296296296295;0;1206;"Analytics";"region_9";"m";"other";1;28;1;0;82
2.0;0;5383;"Sales & Marketing";"region_15";"m";"sourcing";2;33;5;0;51
3.2046296296296295;0;71656;"Sales & Marketing";"region_13";"m";"other";1;22;1;0;46
3.2046296296296295;0;8985;"Analytics";"region_22";"m";"other";1;28;1;0;86
3.0;0;73339;"Sales & Marketing";"region_2";"m";"sourcing";1;26;3;0;51
3.0;0;14549;"Sales & Marketing";"region_22";"m";"sourcing";1;28;4;0;50
3.2046296296296295;1;44199;"Technology";"region_16";"m";"other";1;23;1;0;83
1.0;0;63868;"Sales & Marketing";"region_27";"m";"other";1;38;3;0;48
5.0;0;58328;"Sales & Marketing";"region_2";"m";"other";1;37;6;0;51
2.0;0;21910;"Operations";"region_15";"m";"sourcing";1;30;6;0;58
3.0;0;45417;"Sales & Marketing";"region_2";"f";"sourcing";1;25;2;0;47
5.0;1;5915;"HR";"region_22";"m";"other";1;25;2;0;52
4.0;0;55775;"Analytics";"region_32";"m";"sourcing";1;28;3;0;88
3.0;0;24385;"Sales & Marketing";"region_7";"m";"sourcing";1;29;8;0;48
1.0;0;10144;"Analytics";"region_9";"m";"other";1;27;2;0;85
4.0;0;74031;"Sales & Marketing";"region_12";"m";"other";1;39;7;0;47
3.0;0;52461;"Sales & Marketing";"region_12";"m";"other";1;24;3;0;48
3.0;0;18407;"Sales & Marketing";"region_13";"m";"other";1;22;1;0;47
1.0;0;18633;"Sales & Marketing";"region_2";"m";"other";1;33;3;0;54
1.0;0;31622;"Sales & Marketing";"region_27";"m";"other";1;49;9;0;46
5.0;0;69352;"Technology";"region_2";"f";"sourcing";1;35;9;0;80
1.0;0;40458;"Sales & Marketing";"region_2";"m";"other";1;22;2;0;50
3.2046296296296295;1;36717;"Technology";"region_2";"f";"other";1;24;1;0;80
3.0;0;40615;"Sales & Marketing";"region_2";"m";"other";1;37;9;0;52
3.2046296296296295;0;17748;"Sales & Marketing";"region_7";"m";"other";1;26;1;0;52
3.2046296296296295;0;74498;"Analytics";"region_22";"m";"sourcing";1;27;1;0;86
3.2046296296296295;1;10206;"Procurement";"region_2";"f";"other";3;24;1;0;68
5.0;1;21514;"Technology";"region_7";"m";"other";2;25;3;0;80
3.0;0;16156;"Sales & Marketing";"region_15";"m";"sourcing";1;36;7;0;50
4.0;0;11950;"Sales & Marketing";"region_22";"m";"sourcing";1;29;6;0;52
3.0;0;5882;"Analytics";"region_26";"m";"other";1;29;3;0;83
5.0;0;70545;"Sales & Marketing";"region_9";"m";"other";1;30;2;0;48
4.0;0;48888;"Sales & Marketing";"region_15";"f";"other";1;29;2;0;49
5.0;1;71506;"Operations";"region_2";"m";"other";1;21;2;0;61
3.0;1;40447;"Procurement";"region_2";"f";"other";1;25;4;0;69
5.0;0;51516;"Technology";"region_2";"f";"other";1;34;8;0;80
1.0;0;5242;"Sales & Marketing";"region_22";"m";"other";1;27;5;0;52
3.2046296296296295;0;75300;"Procurement";"region_17";"m";"other";1;28;1;0;69
3.2046296296296295;0;42208;"Sales & Marketing";"region_24";"m";"other";1;28;1;0;48
2.0;1;23631;"HR";"region_2";"f";"other";1;24;2;0;50
3.0;0;25791;"Sales & Marketing";"region_22";"f";"other";3;27;3;0;51
3.0;0;72881;"Sales & Marketing";"region_16";"m";"other";1;23;2;0;49
2.0;0;44609;"Sales & Marketing";"region_13";"m";"other";1;23;2;0;47
1.0;0;61788;"Sales & Marketing";"region_2";"f";"other";1;56;11;0;51
5.0;1;41947;"Finance";"region_2";"m";"other";2;24;1;0;59
4.0;0;35915;"Sales & Marketing";"region_15";"m";"sourcing";1;30;3;0;53
5.0;1;11109;"Legal";"region_22";"m";"other";1;28;2;0;58
3.0;1;10737;"Legal";"region_27";"m";"sourcing";1;26;1;0;57
3.0;0;16331;"Sales & Marketing";"region_2";"m";"other";1;33;7;0;47
5.0;0;50629;"Sales & Marketing";"region_23";"m";"sourcing";1;39;4;0;47
4.0;0;73178;"Sales & Marketing";"region_2";"m";"sourcing";1;25;2;0;50
3.0;0;24753;"Finance";"region_2";"f";"sourcing";1;38;3;0;59
4.0;0;74571;"Procurement";"region_26";"f";"other";1;29;4;0;72
2.0;0;36923;"Technology";"region_2";"f";"sourcing";2;44;7;0;77
3.0;0;41498;"Sales & Marketing";"region_2";"m";"sourcing";1;33;6;0;52
4.0;0;24564;"Sales & Marketing";"region_26";"m";"sourcing";1;34;3;0;49
3.0;0;68696;"Sales & Marketing";"region_2";"m";"other";1;38;10;0;50
1.0;1;52158;"Operations";"region_7";"m";"other";1;27;5;0;59
4.0;0;22542;"Sales & Marketing";"region_31";"m";"other";1;34;2;0;50
3.2046296296296295;0;32062;"Sales & Marketing";"region_2";"f";"sourcing";1;24;1;0;52
3.2046296296296295;0;50546;"Sales & Marketing";"region_2";"m";"other";1;26;1;0;53
3.2046296296296295;0;56253;"Sales & Marketing";"region_22";"m";"sourcing";2;25;1;0;48
1.0;0;77694;"Sales & Marketing";"region_22";"m";"other";3;25;1;0;48
3.2046296296296295;0;14423;"Sales & Marketing";"region_2";"m";"other";2;25;1;0;61
5.0;1;21761;"Legal";"region_2";"m";"sourcing";1;26;2;0;62
3.2046296296296295;0;50055;"Sales & Marketing";"region_2";"m";"other";1;25;1;0;48
3.2046296296296295;1;22971;"HR";"region_7";"f";"other";1;24;1;0;46
3.0;0;24247;"Analytics";"region_32";"m";"other";2;28;2;0;91
2.0;0;44264;"Sales & Marketing";"region_15";"m";"sourcing";1;30;3;0;50
5.0;0;27112;"Sales & Marketing";"region_27";"m";"sourcing";1;39;3;0;50
2.0;0;24762;"Sales & Marketing";"region_7";"m";"sourcing";1;25;3;0;57
3.2046296296296295;0;46470;"Sales & Marketing";"region_20";"m";"other";1;24;1;0;50
3.2046296296296295;1;7407;"Procurement";"region_2";"m";"sourcing";1;22;1;0;68
5.0;0;57894;"Operations";"region_2";"f";"other";1;29;5;0;62
3.0;1;48921;"Operations";"region_22";"m";"other";1;23;2;0;55
3.0;1;55409;"Operations";"region_2";"m";"other";1;25;3;0;61
3.0;0;11445;"Sales & Marketing";"region_2";"f";"sourcing";1;23;2;0;50
5.0;0;74543;"Analytics";"region_28";"m";"other";1;28;5;0;82
4.0;0;50806;"Sales & Marketing";"region_14";"m";"sourcing";1;23;2;0;47
5.0;0;49974;"HR";"region_2";"m";"sourcing";1;30;7;0;50
3.0;0;37478;"Analytics";"region_15";"m";"other";1;28;2;0;82
1.0;0;53457;"Sales & Marketing";"region_15";"m";"sourcing";1;36;17;0;52
3.0;0;70342;"Sales & Marketing";"region_16";"m";"sourcing";1;27;2;0;49
3.2046296296296295;1;52456;"Operations";"region_2";"f";"sourcing";1;23;1;0;59
4.0;0;40853;"Analytics";"region_26";"m";"other";1;32;2;0;80
3.2046296296296295;1;47813;"Operations";"region_2";"m";"other";2;25;1;0;61
5.0;0;51264;"Sales & Marketing";"region_2";"m";"sourcing";1;44;4;0;49
3.0;0;6128;"Procurement";"region_2";"m";"sourcing";1;31;6;0;67
3.0;1;13873;"Technology";"region_2";"m";"sourcing";3;23;2;0;78
3.2046296296296295;0;18109;"Sales & Marketing";"region_13";"m";"other";1;21;1;0;48
3.2046296296296295;1;8870;"Operations";"region_2";"m";"sourcing";1;25;1;0;59
3.2046296296296295;1;63837;"Operations";"region_22";"m";"sourcing";1;27;1;0;61
3.2046296296296295;1;30515;"Technology";"region_2";"m";"sourcing";1;24;1;0;81
4.0;1;65648;"Operations";"region_27";"m";"sourcing";1;23;2;0;60
3.2046296296296295;0;26602;"Sales & Marketing";"region_26";"m";"other";1;24;1;0;48
3.2046296296296295;0;68845;"Sales & Marketing";"region_2";"m";"sourcing";1;24;1;0;44
2.0;0;28857;"Technology";"region_2";"m";"sourcing";1;35;7;0;81
3.2046296296296295;1;32687;"HR";"region_7";"f";"other";1;26;1;0;52
3.2046296296296295;1;71545;"Operations";"region_2";"f";"other";1;21;1;0;60
3.0;1;19313;"Operations";"region_2";"m";"other";1;25;2;0;61
3.0;1;2049;"Operations";"region_7";"m";"sourcing";1;28;2;0;63
3.0;0;36575;"Analytics";"region_2";"m";"other";1;26;2;0;80
5.0;0;32964;"Sales & Marketing";"region_2";"m";"other";1;36;5;0;52
4.0;1;22495;"Operations";"region_22";"m";"sourcing";1;21;2;0;52
3.0;1;15023;"Operations";"region_32";"m";"other";1;24;2;0;61
3.0;0;26166;"Sales & Marketing";"region_28";"m";"sourcing";1;27;3;0;49
3.2046296296296295;1;1319;"Procurement";"region_2";"m";"sourcing";2;25;1;0;72
5.0;1;47003;"HR";"region_2";"f";"sourcing";1;20;2;0;47
4.0;0;76014;"Sales & Marketing";"region_7";"m";"sourcing";1;27;2;0;50
5.0;0;36828;"Sales & Marketing";"region_2";"m";"sourcing";1;49;6;0;46
4.0;0;11597;"Sales & Marketing";"region_15";"m";"other";1;24;2;0;52
5.0;0;5978;"Technology";"region_2";"f";"other";1;50;3;0;84
5.0;0;11056;"Sales & Marketing";"region_7";"m";"sourcing";1;26;3;0;50
2.0;0;44838;"Sales & Marketing";"region_2";"f";"sourcing";1;53;6;0;48
1.0;1;20002;"HR";"region_2";"m";"sourcing";2;22;2;0;43
3.0;0;4122;"Sales & Marketing";"region_26";"m";"sourcing";1;35;8;0;50
4.0;0;43173;"Analytics";"region_22";"f";"sourcing";1;29;5;0;85
5.0;1;4855;"HR";"region_32";"m";"sourcing";1;24;2;0;52
5.0;1;10872;"Finance";"region_2";"f";"other";1;23;2;0;71
3.2046296296296295;1;10024;"Technology";"region_2";"f";"other";1;22;1;0;82
1.0;0;75335;"Sales & Marketing";"region_22";"m";"other";1;25;2;0;47
3.0;0;54252;"Technology";"region_2";"m";"other";1;29;2;0;78
1.0;1;66958;"Technology";"region_2";"m";"sourcing";1;24;2;0;82
3.2046296296296295;0;9780;"Sales & Marketing";"region_28";"m";"other";1;27;1;0;44
4.0;0;61702;"Operations";"region_26";"m";"sourcing";1;29;4;0;57
3.2046296296296295;0;31956;"Sales & Marketing";"region_2";"f";"other";2;23;1;0;50
1.0;0;65661;"Sales & Marketing";"region_13";"m";"other";1;22;2;0;49
5.0;0;14388;"Procurement";"region_2";"f";"sourcing";1;34;8;0;73
3.2046296296296295;0;56018;"Sales & Marketing";"region_2";"m";"other";1;22;1;0;49
3.0;0;34165;"Technology";"region_2";"m";"other";1;43;17;0;77
5.0;0;58294;"Sales & Marketing";"region_2";"m";"other";1;28;5;0;48
3.0;0;7978;"Analytics";"region_22";"m";"other";1;28;4;0;85
4.0;0;68174;"Procurement";"region_17";"f";"other";1;27;4;0;73
3.2046296296296295;0;74292;"Procurement";"region_2";"m";"sourcing";1;27;1;0;68
3.0;0;48309;"Analytics";"region_23";"m";"other";2;33;6;0;87
3.0;0;70127;"Sales & Marketing";"region_6";"m";"sourcing";1;28;4;0;48
5.0;1;42368;"HR";"region_2";"m";"other";1;20;1;0;48
1.0;0;64121;"Sales & Marketing";"region_7";"m";"other";2;34;5;0;48
1.0;0;59894;"Sales & Marketing";"region_7";"m";"sourcing";3;24;2;0;49
1.0;0;40197;"Analytics";"region_22";"f";"other";1;26;2;0;81
1.0;0;6267;"Sales & Marketing";"region_26";"m";"other";1;25;2;0;51
3.0;0;37455;"Sales & Marketing";"region_7";"m";"sourcing";1;36;6;0;46
3.0;0;39878;"Operations";"region_2";"f";"other";1;51;20;0;61
3.0;0;58471;"Sales & Marketing";"region_28";"m";"sourcing";1;30;4;0;49
3.2046296296296295;0;9785;"Analytics";"region_2";"m";"other";1;23;1;0;88
5.0;1;65673;"Operations";"region_2";"m";"other";2;24;2;0;62
3.2046296296296295;1;34744;"HR";"region_5";"f";"other";1;22;1;0;89
3.0;1;16706;"Technology";"region_5";"f";"other";1;22;2;0;79
5.0;0;69819;"Sales & Marketing";"region_32";"m";"other";1;29;5;0;50
3.0;0;7975;"Sales & Marketing";"region_32";"m";"other";1;34;8;0;53
1.0;0;18141;"Sales & Marketing";"region_7";"m";"other";1;25;3;0;46
3.0;0;60533;"Operations";"region_15";"m";"sourcing";1;41;15;0;59
1.0;0;12808;"Sales & Marketing";"region_22";"m";"other";1;28;5;0;49
1.0;0;56878;"Operations";"region_2";"m";"other";1;31;2;0;58
3.2046296296296295;1;40502;"Technology";"region_7";"f";"other";1;24;1;0;78
3.0;0;22723;"Sales & Marketing";"region_22";"m";"other";2;24;2;0;50
1.0;1;14287;"Procurement";"region_2";"m";"sourcing";1;25;2;0;76
3.2046296296296295;1;616;"Operations";"region_2";"f";"sourcing";1;22;1;0;62
1.0;0;11376;"Sales & Marketing";"region_15";"m";"sourcing";1;33;7;0;48
3.2046296296296295;1;36823;"HR";"region_2";"m";"other";1;22;1;0;55
2.0;0;48533;"Operations";"region_2";"m";"other";1;29;5;0;55
2.0;0;35321;"Sales & Marketing";"region_32";"m";"other";1;28;2;0;51
3.0;0;5866;"Procurement";"region_2";"m";"other";3;28;6;0;68
3.0;0;62819;"Sales & Marketing";"region_7";"m";"sourcing";1;35;5;0;48
3.0;0;35829;"Analytics";"region_2";"m";"other";2;28;4;0;85
2.0;0;70577;"Sales & Marketing";"region_15";"m";"sourcing";1;37;9;0;53
3.0;0;47209;"Sales & Marketing";"region_2";"m";"other";1;21;2;0;54
3.0;1;53781;"Technology";"region_7";"m";"other";2;25;3;0;77
3.0;0;1996;"Sales & Marketing";"region_22";"m";"other";1;24;2;0;47
3.2046296296296295;1;12149;"Technology";"region_16";"f";"other";1;22;1;0;85
3.0;0;31137;"Sales & Marketing";"region_7";"m";"other";1;29;2;0;56
1.0;0;4635;"Sales & Marketing";"region_31";"m";"sourcing";1;28;4;0;51
3.0;0;76553;"Sales & Marketing";"region_22";"m";"sourcing";2;26;4;0;50
3.0;0;47505;"Sales & Marketing";"region_32";"m";"sourcing";1;32;4;0;52
3.2046296296296295;0;58709;"Sales & Marketing";"region_7";"m";"other";1;21;1;0;50
4.0;0;77256;"Sales & Marketing";"region_2";"m";"other";1;40;5;0;49
3.2046296296296295;0;63496;"Operations";"region_2";"m";"sourcing";1;29;1;0;61
1.0;0;5324;"Procurement";"region_15";"m";"sourcing";1;34;7;0;70
1.0;0;48896;"Sales & Marketing";"region_2";"m";"sourcing";1;34;7;0;49
5.0;0;8263;"Technology";"region_2";"f";"other";1;30;3;0;77
3.0;0;19224;"Sales & Marketing";"region_31";"f";"other";1;30;5;0;48
3.0;0;18523;"Sales & Marketing";"region_2";"m";"sourcing";3;28;2;0;48
5.0;1;63049;"HR";"region_7";"m";"other";1;24;2;0;54
5.0;1;11466;"Operations";"region_2";"m";"sourcing";1;22;2;0;62
3.2046296296296295;1;13530;"Operations";"region_22";"m";"sourcing";1;23;1;0;60
3.2046296296296295;1;27507;"Operations";"region_2";"m";"sourcing";2;25;1;0;56
5.0;1;38457;"Legal";"region_27";"m";"other";1;26;2;0;58
3.0;0;22939;"Sales & Marketing";"region_16";"m";"other";1;41;12;0;49
3.2046296296296295;0;57372;"Analytics";"region_22";"m";"other";1;27;1;0;85
3.0;0;23076;"Sales & Marketing";"region_27";"m";"other";2;31;4;1;51
4.0;1;21834;"HR";"region_2";"m";"other";1;20;2;0;45
3.2046296296296295;1;47508;"Technology";"region_22";"f";"sourcing";1;22;1;0;83
3.0;0;42488;"Sales & Marketing";"region_13";"m";"sourcing";2;31;3;0;48
3.0;0;62101;"Analytics";"region_22";"m";"other";2;28;2;0;83
2.0;0;57870;"Sales & Marketing";"region_28";"m";"sourcing";1;30;3;0;49
3.2046296296296295;0;73720;"Sales & Marketing";"region_22";"m";"other";1;28;1;0;51
3.0;0;1693;"Analytics";"region_2";"m";"other";1;36;2;0;84
5.0;1;68809;"HR";"region_2";"f";"sourcing";1;25;4;0;47
4.0;0;54982;"Sales & Marketing";"region_31";"m";"sourcing";1;27;3;0;48
4.0;1;72243;"Finance";"region_7";"m";"sourcing";1;25;3;0;60
3.0;0;59273;"Sales & Marketing";"region_21";"m";"other";1;35;7;0;51
2.0;0;28728;"Sales & Marketing";"region_31";"m";"other";1;34;5;0;50
3.0;1;70067;"HR";"region_2";"m";"sourcing";3;26;2;0;46
3.2046296296296295;0;78067;"Sales & Marketing";"region_26";"m";"other";1;25;1;0;50
3.2046296296296295;0;70860;"Sales & Marketing";"region_15";"m";"sourcing";1;24;1;0;50
3.2046296296296295;0;44122;"Sales & Marketing";"region_16";"m";"sourcing";1;21;1;0;51
3.0;0;11319;"Finance";"region_22";"m";"sourcing";1;28;2;0;59
3.2046296296296295;1;22867;"Procurement";"region_7";"m";"other";1;23;1;0;68
5.0;1;5936;"Finance";"region_2";"m";"other";3;25;3;0;58
1.0;0;63648;"HR";"region_2";"m";"other";1;43;13;0;52
5.0;1;5249;"Legal";"region_22";"m";"other";1;25;2;0;70
3.2046296296296295;1;54193;"Finance";"region_2";"f";"other";1;22;1;0;61
3.0;0;1418;"Technology";"region_2";"f";"other";1;32;7;0;81
3.2046296296296295;0;67555;"Sales & Marketing";"region_7";"m";"other";1;24;1;0;49
3.0;0;19431;"Sales & Marketing";"region_31";"m";"other";1;28;4;0;47
1.0;0;39954;"Sales & Marketing";"region_26";"m";"sourcing";1;29;4;0;47
2.0;0;52663;"Sales & Marketing";"region_28";"m";"sourcing";1;29;4;0;51
3.2046296296296295;0;19203;"Sales & Marketing";"region_2";"f";"other";1;22;1;0;50
1.0;0;6556;"Sales & Marketing";"region_15";"f";"other";1;32;7;0;51
1.0;0;73769;"Analytics";"region_32";"m";"other";1;27;3;0;85
3.0;0;21176;"Sales & Marketing";"region_2";"m";"other";1;26;3;0;45
4.0;1;12986;"Technology";"region_2";"f";"sourcing";1;24;2;0;81
3.0;0;63423;"Sales & Marketing";"region_2";"m";"sourcing";1;23;2;0;48
3.2046296296296295;0;22830;"Analytics";"region_32";"m";"sourcing";2;28;1;0;89
5.0;1;37827;"Legal";"region_2";"m";"other";1;25;2;0;64
5.0;1;67148;"Technology";"region_7";"m";"other";1;24;2;0;85
3.0;1;44816;"Procurement";"region_2";"m";"sourcing";2;25;2;1;73
3.0;0;60155;"Sales & Marketing";"region_2";"m";"sourcing";1;30;2;0;48
3.2046296296296295;1;23745;"Technology";"region_7";"m";"other";1;25;1;0;76
3.2046296296296295;0;51767;"Sales & Marketing";"region_2";"f";"sourcing";1;21;1;0;49
5.0;0;27778;"Sales & Marketing";"region_7";"m";"sourcing";1;31;4;0;52
3.0;0;48498;"Sales & Marketing";"region_7";"m";"other";1;33;4;0;49
3.0;0;31212;"Operations";"region_2";"m";"other";1;41;7;0;60
5.0;1;60368;"Technology";"region_27";"m";"other";3;23;2;0;76
5.0;0;67615;"Sales & Marketing";"region_28";"m";"sourcing";1;29;4;0;43
5.0;0;77961;"Sales & Marketing";"region_2";"m";"other";1;45;4;0;50
3.2046296296296295;1;30189;"Technology";"region_16";"m";"sourcing";1;23;1;0;83
3.0;0;39331;"Analytics";"region_9";"m";"other";1;34;8;0;86
5.0;0;9461;"Operations";"region_2";"f";"other";2;44;3;0;54
3.2046296296296295;0;13796;"Operations";"region_8";"f";"other";1;27;1;0;62
3.2046296296296295;0;52410;"Sales & Marketing";"region_7";"m";"other";1;24;1;0;48
3.0;0;18134;"Procurement";"region_2";"f";"sourcing";1;41;10;0;64
4.0;0;63996;"Sales & Marketing";"region_16";"m";"other";1;31;4;0;51
4.0;1;29512;"Procurement";"region_2";"f";"sourcing";4;22;2;0;70
3.2046296296296295;1;60811;"Procurement";"region_7";"f";"sourcing";1;23;1;0;69
4.0;0;47859;"Operations";"region_2";"f";"sourcing";1;54;3;0;59
3.0;1;68364;"Technology";"region_27";"m";"sourcing";3;23;1;0;78
3.0;0;77472;"Analytics";"region_22";"m";"other";1;30;4;0;84
4.0;0;16852;"Sales & Marketing";"region_2";"m";"sourcing";1;23;3;0;49
3.0;0;74899;"Legal";"region_22";"m";"other";1;29;3;0;62
5.0;1;78137;"Finance";"region_2";"m";"other";1;22;2;0;61
3.2046296296296295;0;8420;"Procurement";"region_22";"m";"other";1;28;1;0;73
3.2046296296296295;0;55698;"Sales & Marketing";"region_2";"m";"other";1;24;1;0;51
5.0;0;20302;"Sales & Marketing";"region_2";"m";"other";1;20;2;0;54
1.0;0;9534;"Sales & Marketing";"region_2";"m";"sourcing";1;33;10;0;50
4.0;0;35170;"Sales & Marketing";"region_2";"m";"other";1;48;6;0;49
1.0;0;53367;"Sales & Marketing";"region_2";"m";"other";3;34;7;0;50
4.0;0;61957;"Sales & Marketing";"region_23";"m";"other";1;40;6;0;57
5.0;0;63843;"Analytics";"region_22";"f";"sourcing";1;27;5;0;82
1.0;0;78261;"Sales & Marketing";"region_22";"m";"sourcing";3;27;2;0;50
1.0;1;21823;"Finance";"region_2";"m";"sourcing";3;25;3;0;59
4.0;1;12364;"Operations";"region_22";"m";"other";1;26;2;1;73
5.0;0;54842;"Sales & Marketing";"region_2";"f";"sourcing";1;23;2;0;42
3.2046296296296295;1;15977;"Finance";"region_2";"m";"other";1;25;1;0;62
3.2046296296296295;0;44865;"R&D";"region_2";"m";"sourcing";4;27;1;0;82
2.0;1;32530;"Technology";"region_2";"f";"other";1;26;5;0;75
4.0;0;3630;"Sales & Marketing";"region_27";"m";"sourcing";1;34;5;0;48
3.0;0;61588;"Technology";"region_7";"m";"other";1;31;6;0;78
3.0;1;2314;"Procurement";"region_2";"m";"sourcing";3;25;3;0;69
3.2046296296296295;1;45093;"Procurement";"region_2";"m";"sourcing";2;24;1;1;65
3.0;0;24764;"Operations";"region_7";"m";"sourcing";1;35;6;0;96
3.2046296296296295;0;69864;"Sales & Marketing";"region_31";"m";"other";1;26;1;0;48
4.0;0;15662;"Sales & Marketing";"region_2";"m";"other";1;51;4;0;49
4.0;0;26071;"Operations";"region_2";"m";"sourcing";1;29;4;0;61
4.0;0;65724;"Analytics";"region_22";"m";"other";1;28;2;0;86
1.0;0;56075;"Sales & Marketing";"region_26";"m";"other";1;33;5;0;48
3.0;1;74171;"Finance";"region_16";"m";"other";2;25;3;0;61
3.2046296296296295;0;38806;"Sales & Marketing";"region_13";"m";"other";1;22;1;0;52
5.0;0;15768;"Sales & Marketing";"region_2";"m";"referred";2;25;3;0;46
5.0;0;69065;"Analytics";"region_22";"m";"other";1;27;3;0;86
3.0;0;41538;"Sales & Marketing";"region_22";"f";"sourcing";1;28;2;0;45
4.0;0;38339;"Operations";"region_2";"f";"other";1;27;2;0;59
3.2046296296296295;1;16085;"Finance";"region_22";"f";"other";2;24;1;0;60
3.2046296296296295;0;30884;"Sales & Marketing";"region_2";"f";"sourcing";1;23;1;0;49
3.0;0;30506;"Analytics";"region_22";"m";"other";2;25;3;0;83
4.0;0;47305;"Analytics";"region_2";"m";"other";2;23;2;0;84
4.0;1;34881;"HR";"region_2";"m";"referred";1;24;2;0;51
3.2046296296296295;1;52337;"Technology";"region_2";"f";"referred";1;22;1;0;79
3.2046296296296295;1;7241;"Finance";"region_7";"f";"sourcing";1;24;1;0;57
3.2046296296296295;0;7902;"Sales & Marketing";"region_25";"m";"sourcing";2;26;1;0;50
3.2046296296296295;1;16010;"Technology";"region_27";"m";"sourcing";1;24;1;0;80
3.0;0;72580;"Analytics";"region_32";"m";"sourcing";1;28;4;0;78
1.0;0;40493;"Sales & Marketing";"region_19";"m";"other";1;30;8;0;48
3.2046296296296295;1;7603;"Technology";"region_7";"m";"sourcing";1;25;1;0;81
4.0;0;26992;"Operations";"region_2";"f";"sourcing";1;50;4;0;63
5.0;0;30463;"Sales & Marketing";"region_9";"m";"other";1;28;2;0;51
3.2046296296296295;0;5787;"HR";"region_32";"m";"other";1;27;1;0;53
2.0;0;56479;"Sales & Marketing";"region_2";"f";"other";1;38;9;0;45
4.0;0;49158;"Sales & Marketing";"region_2";"m";"other";1;21;2;0;48
4.0;0;37992;"Sales & Marketing";"region_2";"m";"sourcing";3;23;1;0;51
3.2046296296296295;1;45001;"Legal";"region_22";"m";"sourcing";1;27;1;0;59
3.2046296296296295;0;40063;"Sales & Marketing";"region_16";"m";"other";1;30;1;0;64
5.0;1;29370;"HR";"region_2";"m";"referred";1;25;4;0;52
3.2046296296296295;1;77964;"HR";"region_2";"f";"sourcing";1;24;1;0;52
3.0;0;22188;"Operations";"region_2";"m";"sourcing";2;33;10;0;56
3.0;0;35861;"Sales & Marketing";"region_2";"m";"sourcing";1;56;3;0;47
3.0;0;14176;"Sales & Marketing";"region_2";"m";"sourcing";1;41;2;0;57
4.0;0;34989;"Sales & Marketing";"region_2";"f";"sourcing";1;25;2;0;50
3.0;0;67642;"Sales & Marketing";"region_16";"m";"other";1;33;3;0;55
1.0;0;63984;"Sales & Marketing";"region_24";"f";"sourcing";1;30;4;0;51
2.0;1;17695;"Finance";"region_2";"m";"sourcing";1;25;2;1;58
1.0;0;49112;"Sales & Marketing";"region_15";"m";"other";1;38;10;0;51
5.0;1;18860;"Finance";"region_22";"f";"other";1;25;2;1;69
5.0;0;34251;"Analytics";"region_22";"f";"other";1;26;2;0;83
3.0;0;20517;"Operations";"region_15";"m";"other";1;31;5;0;58
1.0;0;43178;"Sales & Marketing";"region_15";"m";"sourcing";1;38;7;0;51
5.0;0;13665;"Operations";"region_2";"f";"sourcing";1;42;7;0;59
3.2046296296296295;1;49132;"Technology";"region_16";"m";"sourcing";1;25;1;0;84
4.0;0;1946;"Operations";"region_8";"m";"sourcing";1;27;5;0;66
4.0;0;400;"Technology";"region_2";"f";"other";1;32;2;0;76
2.0;0;78168;"Sales & Marketing";"region_22";"m";"other";1;20;2;0;47
3.2046296296296295;1;59890;"Finance";"region_2";"f";"sourcing";1;24;1;0;59
1.0;0;64979;"Sales & Marketing";"region_27";"m";"sourcing";2;33;4;0;48
5.0;1;24651;"HR";"region_7";"m";"sourcing";1;26;4;0;48
3.0;0;62129;"Sales & Marketing";"region_7";"m";"sourcing";1;28;6;0;53
5.0;0;17026;"Sales & Marketing";"region_31";"m";"sourcing";1;22;2;0;52
4.0;0;9686;"Sales & Marketing";"region_32";"m";"other";1;28;1;0;45
3.0;0;7888;"Sales & Marketing";"region_22";"f";"sourcing";1;23;2;0;51
3.2046296296296295;1;59750;"Legal";"region_7";"m";"other";1;29;1;0;61
1.0;0;18343;"Sales & Marketing";"region_32";"m";"other";1;34;3;0;49
3.2046296296296295;0;17079;"Sales & Marketing";"region_2";"f";"sourcing";2;24;1;0;47
3.0;0;43527;"Sales & Marketing";"region_2";"m";"sourcing";3;26;4;0;48
3.0;0;10987;"Sales & Marketing";"region_32";"f";"sourcing";1;27;2;0;50
3.2046296296296295;0;61418;"Sales & Marketing";"region_25";"m";"sourcing";1;30;1;0;46
3.2046296296296295;1;45655;"Procurement";"region_2";"f";"other";1;23;1;0;72
3.2046296296296295;0;16665;"Sales & Marketing";"region_32";"m";"sourcing";1;25;1;0;53
2.0;0;67619;"Sales & Marketing";"region_22";"m";"sourcing";1;27;2;0;51
3.0;0;4250;"Sales & Marketing";"region_2";"f";"sourcing";1;50;2;0;48
3.0;0;30156;"Sales & Marketing";"region_22";"f";"other";1;28;5;0;52
3.0;0;12409;"Finance";"region_2";"m";"sourcing";1;31;3;0;63
3.0;0;47877;"Sales & Marketing";"region_2";"f";"sourcing";1;56;18;0;50
3.2046296296296295;0;48628;"Sales & Marketing";"region_2";"m";"other";3;25;1;0;51
3.2046296296296295;1;40797;"Procurement";"region_2";"m";"other";1;20;1;0;74
3.2046296296296295;1;10632;"Procurement";"region_22";"m";"other";1;20;1;0;73
3.0;0;50697;"Sales & Marketing";"region_15";"m";"other";1;37;7;0;50
3.2046296296296295;0;41282;"Sales & Marketing";"region_32";"m";"other";1;26;1;0;51
5.0;1;11307;"Legal";"region_27";"m";"sourcing";1;27;2;0;56
5.0;0;36647;"Sales & Marketing";"region_21";"m";"sourcing";1;26;3;0;63
5.0;1;50103;"Procurement";"region_2";"f";"sourcing";2;23;2;0;68
3.0;0;37289;"Sales & Marketing";"region_32";"m";"sourcing";1;31;5;0;51
3.0;0;22773;"Sales & Marketing";"region_28";"m";"sourcing";1;31;7;0;49
3.0;0;33901;"Analytics";"region_22";"m";"sourcing";2;28;4;0;81
3.2046296296296295;1;22242;"Procurement";"region_2";"m";"other";1;20;1;0;65
4.0;0;13383;"Sales & Marketing";"region_7";"m";"other";1;25;3;0;43
3.0;0;4790;"Sales & Marketing";"region_7";"m";"sourcing";1;28;4;0;59
3.0;0;67280;"Sales & Marketing";"region_2";"m";"sourcing";1;22;2;0;54
3.0;0;32088;"Sales & Marketing";"region_13";"m";"other";1;25;2;0;52
1.0;0;53334;"Sales & Marketing";"region_15";"m";"other";2;30;2;0;45
3.0;1;67001;"Technology";"region_2";"f";"other";1;24;2;0;84
1.0;0;69155;"Technology";"region_2";"f";"other";1;50;9;0;77
4.0;0;13483;"Sales & Marketing";"region_27";"m";"other";1;25;1;0;53
3.0;0;42675;"Sales & Marketing";"region_28";"m";"other";1;28;3;0;51
4.0;0;39196;"Sales & Marketing";"region_2";"m";"other";1;56;13;0;45
1.0;0;15957;"Sales & Marketing";"region_15";"m";"other";1;28;3;0;51
3.2046296296296295;0;62231;"Sales & Marketing";"region_2";"f";"sourcing";1;29;1;0;48
3.2046296296296295;0;40150;"Sales & Marketing";"region_26";"m";"sourcing";1;23;1;0;49
3.2046296296296295;0;59758;"R&D";"region_2";"m";"other";3;28;1;0;83
3.0;0;6022;"Sales & Marketing";"region_28";"m";"other";1;33;7;0;52
3.0;0;54316;"Sales & Marketing";"region_28";"m";"other";1;33;2;0;49
3.0;0;45949;"Procurement";"region_26";"m";"sourcing";1;33;5;0;69
3.0;0;22003;"Sales & Marketing";"region_7";"m";"other";1;27;2;0;50
3.0;0;50976;"Sales & Marketing";"region_2";"f";"sourcing";1;40;3;0;50
3.2046296296296295;1;61789;"HR";"region_2";"m";"other";1;23;1;0;51
1.0;0;36514;"Sales & Marketing";"region_2";"m";"sourcing";1;21;2;0;50
3.0;0;4732;"Sales & Marketing";"region_32";"m";"other";1;31;5;0;45
4.0;0;71474;"Sales & Marketing";"region_27";"m";"sourcing";1;26;5;0;49
5.0;0;4948;"Operations";"region_27";"m";"other";1;26;4;0;56
3.0;0;43609;"Finance";"region_2";"m";"other";3;29;4;0;57
2.0;0;72170;"Sales & Marketing";"region_2";"m";"other";1;48;16;0;55
4.0;1;75309;"Finance";"region_16";"m";"sourcing";1;25;3;0;56
3.0;1;45280;"Operations";"region_16";"f";"other";1;24;2;0;58
3.0;0;63603;"Sales & Marketing";"region_28";"m";"sourcing";1;35;10;0;42
3.0;0;10123;"R&D";"region_22";"m";"other";3;31;2;0;88
5.0;0;22729;"Operations";"region_2";"f";"sourcing";1;43;18;0;73
1.0;0;38434;"Sales & Marketing";"region_22";"m";"other";1;22;2;0;52
1.0;0;2226;"Sales & Marketing";"region_2";"f";"other";1;36;7;0;50
1.0;0;23324;"Technology";"region_2";"f";"sourcing";1;30;3;0;82
3.2046296296296295;1;26510;"Technology";"region_2";"m";"referred";1;25;1;0;87
3.0;1;33100;"Legal";"region_22";"m";"other";1;27;3;0;59
3.0;0;8578;"Analytics";"region_2";"m";"other";2;30;3;0;86
3.0;0;26857;"Sales & Marketing";"region_9";"m";"other";1;32;7;0;51
5.0;1;75207;"Operations";"region_2";"f";"other";1;20;2;0;61
3.2046296296296295;0;6049;"Sales & Marketing";"region_25";"m";"sourcing";1;26;1;0;49
1.0;0;73770;"Analytics";"region_7";"m";"other";1;23;1;0;88
4.0;0;56507;"Sales & Marketing";"region_15";"m";"sourcing";1;32;5;0;51
3.0;1;22956;"Finance";"region_2";"f";"sourcing";1;25;4;0;57
3.0;1;9961;"Procurement";"region_22";"m";"sourcing";1;28;2;0;71
4.0;1;20597;"HR";"region_32";"m";"other";1;24;2;0;51
3.2046296296296295;0;35653;"Sales & Marketing";"region_16";"m";"sourcing";2;22;1;0;50
3.0;0;24908;"Sales & Marketing";"region_7";"m";"other";1;33;8;0;54
2.0;0;42292;"Sales & Marketing";"region_7";"m";"sourcing";1;29;3;0;51
3.2046296296296295;0;4299;"Sales & Marketing";"region_12";"m";"other";1;24;1;0;49
5.0;0;4533;"Sales & Marketing";"region_7";"m";"sourcing";1;21;2;0;49
1.0;0;34254;"Sales & Marketing";"region_2";"m";"other";1;54;23;0;48
1.0;0;51986;"Procurement";"region_2";"f";"sourcing";1;47;20;0;70
2.0;0;59669;"Sales & Marketing";"region_2";"f";"sourcing";1;54;9;0;48
3.0;0;11116;"Sales & Marketing";"region_2";"m";"sourcing";1;38;9;0;49
4.0;0;19558;"Sales & Marketing";"region_2";"m";"sourcing";1;47;7;1;96
3.2046296296296295;1;70438;"Legal";"region_22";"m";"other";3;24;1;0;69
4.0;0;27296;"Procurement";"region_2";"f";"other";1;38;9;0;72
1.0;0;72464;"Sales & Marketing";"region_14";"m";"other";1;32;7;0;49
3.2046296296296295;0;73234;"Sales & Marketing";"region_2";"m";"other";2;28;1;0;52
3.0;1;4488;"Technology";"region_7";"m";"other";2;25;2;0;80
1.0;0;13693;"Sales & Marketing";"region_16";"f";"other";1;41;4;0;47
3.2046296296296295;0;74503;"Sales & Marketing";"region_2";"m";"other";1;22;1;0;56
3.2046296296296295;0;68301;"Sales & Marketing";"region_22";"m";"other";2;26;1;0;47
3.0;1;34627;"HR";"region_22";"m";"other";2;24;2;0;55
3.0;1;57986;"Technology";"region_31";"m";"sourcing";1;24;2;0;77
4.0;0;51123;"Analytics";"region_32";"m";"other";1;27;5;0;84
3.2046296296296295;0;6626;"Analytics";"region_2";"m";"sourcing";1;26;1;0;88
3.2046296296296295;0;75169;"R&D";"region_2";"m";"sourcing";1;25;1;0;82
1.0;0;54743;"Sales & Marketing";"region_9";"m";"other";1;28;2;0;43
1.0;0;20484;"Sales & Marketing";"region_22";"m";"sourcing";1;28;5;0;53
3.2046296296296295;0;62526;"Sales & Marketing";"region_2";"m";"other";1;25;1;0;48
3.2046296296296295;0;77273;"Sales & Marketing";"region_2";"f";"other";1;23;1;0;49
1.0;0;48587;"Analytics";"region_2";"m";"other";1;35;9;0;83
1.0;0;11386;"Sales & Marketing";"region_2";"m";"sourcing";1;41;3;1;50
4.0;0;55861;"Sales & Marketing";"region_2";"m";"sourcing";1;32;7;0;48
3.2046296296296295;1;65451;"Finance";"region_22";"m";"other";4;24;1;0;58
5.0;0;29862;"Analytics";"region_22";"m";"other";2;28;7;0;84
3.2046296296296295;0;2379;"Sales & Marketing";"region_16";"m";"sourcing";1;23;1;0;51
3.0;1;50304;"Operations";"region_22";"f";"other";1;23;2;0;59
4.0;0;43870;"Sales & Marketing";"region_31";"m";"other";1;38;9;0;46
1.0;0;9169;"Sales & Marketing";"region_16";"m";"other";1;21;2;0;52
3.2046296296296295;1;67100;"HR";"region_7";"m";"other";1;24;1;0;46
3.2046296296296295;0;58030;"Sales & Marketing";"region_22";"m";"other";2;27;1;1;51
3.2046296296296295;1;18838;"Technology";"region_27";"m";"other";1;25;1;0;76
3.0;0;2711;"Sales & Marketing";"region_19";"m";"other";1;42;5;0;55
3.0;1;63857;"Legal";"region_7";"m";"sourcing";1;29;2;0;60
3.2046296296296295;0;67200;"Sales & Marketing";"region_16";"m";"other";1;22;1;1;51
4.0;0;11161;"Technology";"region_7";"m";"other";1;33;7;0;77
3.0;0;7861;"Finance";"region_2";"f";"other";1;41;10;0;60
4.0;0;73691;"Operations";"region_32";"f";"other";1;27;3;0;61
2.0;0;61178;"Sales & Marketing";"region_21";"m";"other";2;28;2;0;50
3.2046296296296295;0;2366;"Sales & Marketing";"region_2";"m";"sourcing";2;26;1;0;49
3.0;1;31195;"Technology";"region_2";"f";"referred";2;24;3;0;79
5.0;0;7501;"Operations";"region_31";"m";"other";1;31;7;0;58
3.2046296296296295;0;39355;"Sales & Marketing";"region_2";"m";"other";2;29;1;0;48
2.0;1;35363;"Procurement";"region_2";"m";"sourcing";1;22;2;0;71
4.0;1;28779;"Finance";"region_2";"m";"other";1;24;2;0;61
3.2046296296296295;1;62377;"HR";"region_7";"f";"other";1;25;1;0;49
3.0;0;34738;"Analytics";"region_22";"m";"sourcing";1;29;5;0;81
4.0;0;73094;"Sales & Marketing";"region_15";"m";"other";1;43;14;0;49
3.0;0;60272;"Analytics";"region_22";"m";"sourcing";1;31;3;0;85
4.0;0;64163;"Analytics";"region_7";"m";"sourcing";1;39;8;0;88
1.0;0;52953;"Sales & Marketing";"region_2";"m";"sourcing";1;45;5;0;46
3.0;0;77341;"Sales & Marketing";"region_26";"m";"other";2;31;4;0;52
3.0;0;16016;"Sales & Marketing";"region_28";"m";"other";1;34;2;0;46
1.0;0;40635;"Sales & Marketing";"region_22";"m";"sourcing";1;24;2;0;56
3.2046296296296295;0;2680;"Sales & Marketing";"region_2";"m";"sourcing";1;25;1;0;55
5.0;0;7363;"Analytics";"region_22";"f";"sourcing";1;28;5;0;76
1.0;0;18794;"Sales & Marketing";"region_27";"m";"sourcing";1;28;4;0;54
3.0;0;72242;"Sales & Marketing";"region_2";"m";"sourcing";1;23;2;0;55
3.0;1;76370;"Procurement";"region_2";"f";"sourcing";1;25;2;0;68
3.0;1;20346;"Technology";"region_2";"f";"other";1;25;2;0;78
5.0;0;67854;"Analytics";"region_9";"m";"other";1;34;7;0;85
3.0;0;47866;"Sales & Marketing";"region_31";"m";"sourcing";1;30;3;0;46
4.0;0;73497;"Sales & Marketing";"region_2";"m";"other";2;26;3;0;48
3.2046296296296295;1;56398;"Technology";"region_27";"m";"sourcing";2;23;1;0;85
5.0;0;63223;"Analytics";"region_27";"m";"sourcing";1;30;6;0;87
3.2046296296296295;0;75336;"Sales & Marketing";"region_2";"m";"other";1;23;1;0;49
3.2046296296296295;0;31370;"Analytics";"region_7";"m";"other";2;25;1;0;85
3.2046296296296295;1;77464;"Finance";"region_7";"m";"other";1;24;1;0;64
5.0;0;59855;"Sales & Marketing";"region_2";"m";"other";1;48;9;0;49
4.0;1;76723;"Finance";"region_2";"m";"other";1;23;2;0;63
4.0;0;13479;"Sales & Marketing";"region_2";"m";"other";1;38;3;0;48
3.0;0;74231;"Operations";"region_2";"f";"sourcing";1;29;2;0;59
5.0;1;39877;"Technology";"region_13";"m";"sourcing";2;23;2;0;92
3.2046296296296295;0;7552;"Sales & Marketing";"region_2";"m";"other";2;30;1;0;46
5.0;0;63899;"R&D";"region_22";"m";"other";1;29;2;0;87
4.0;0;3629;"Operations";"region_32";"f";"other";1;29;2;0;60
3.0;0;38845;"Sales & Marketing";"region_2";"m";"other";1;31;4;0;50
3.2046296296296295;0;7055;"Sales & Marketing";"region_7";"m";"sourcing";1;23;1;0;58
3.2046296296296295;0;57972;"Sales & Marketing";"region_2";"m";"sourcing";2;22;1;0;52
1.0;0;35592;"Sales & Marketing";"region_2";"m";"other";1;44;4;0;50
4.0;1;25001;"HR";"region_16";"f";"sourcing";1;24;1;0;49
3.2046296296296295;1;4371;"Legal";"region_2";"m";"other";1;25;1;0;57
4.0;0;52973;"Sales & Marketing";"region_27";"m";"other";1;30;3;0;53
3.0;0;1433;"Procurement";"region_2";"f";"sourcing";3;40;4;0;71
4.0;1;17127;"Technology";"region_2";"m";"other";1;22;2;0;78
5.0;0;49744;"Sales & Marketing";"region_22";"m";"other";1;27;2;0;49
3.0;0;66664;"Sales & Marketing";"region_13";"m";"other";1;30;5;0;47
5.0;0;76725;"Sales & Marketing";"region_2";"m";"other";1;25;2;0;50
3.2046296296296295;1;40831;"Procurement";"region_2";"m";"other";1;24;1;0;81
3.0;0;18148;"Procurement";"region_17";"f";"sourcing";1;31;5;0;75
5.0;0;72520;"Sales & Marketing";"region_21";"m";"other";1;35;9;0;49
1.0;0;29429;"Sales & Marketing";"region_22";"m";"other";3;29;2;0;49
3.0;0;28131;"Analytics";"region_7";"m";"sourcing";1;26;5;0;80
5.0;1;13401;"Finance";"region_2";"f";"sourcing";1;25;2;0;63
4.0;0;49896;"Sales & Marketing";"region_32";"m";"other";1;27;2;0;51
5.0;1;25733;"Legal";"region_2";"m";"other";1;27;4;0;55
3.0;0;38758;"Sales & Marketing";"region_22";"m";"other";1;26;3;0;51
4.0;0;3340;"Sales & Marketing";"region_15";"m";"sourcing";1;41;12;0;49
3.0;0;5544;"Finance";"region_2";"f";"other";1;51;7;0;58
3.0;0;36344;"Sales & Marketing";"region_11";"m";"other";1;33;5;0;51
3.0;0;46601;"Sales & Marketing";"region_32";"m";"sourcing";1;28;5;0;51
3.0;1;34645;"Finance";"region_2";"m";"sourcing";1;24;2;0;57
3.0;0;35027;"Sales & Marketing";"region_13";"m";"sourcing";1;30;4;0;49
3.2046296296296295;0;74895;"Sales & Marketing";"region_2";"m";"sourcing";1;26;1;0;47
1.0;0;24622;"Sales & Marketing";"region_9";"m";"sourcing";1;39;3;0;48
4.0;1;44460;"Technology";"region_16";"f";"other";2;24;2;0;85
3.2046296296296295;1;58374;"HR";"region_2";"m";"sourcing";1;23;1;0;49
3.0;0;73321;"Sales & Marketing";"region_28";"m";"sourcing";1;34;8;0;45
3.2046296296296295;0;51815;"Analytics";"region_22";"f";"other";1;28;1;0;89
5.0;1;59358;"HR";"region_32";"m";"other";2;23;2;0;57
4.0;0;46214;"R&D";"region_22";"m";"sourcing";1;31;2;0;79
4.0;1;39649;"Operations";"region_2";"m";"sourcing";1;25;3;0;65
1.0;0;48255;"Analytics";"region_31";"m";"other";2;30;3;0;81
5.0;0;71281;"Operations";"region_2";"f";"other";1;37;9;0;61
5.0;0;36221;"Analytics";"region_22";"f";"other";1;28;4;0;84
5.0;0;41359;"Operations";"region_2";"f";"sourcing";1;50;2;0;57
3.0;0;40489;"Sales & Marketing";"region_7";"m";"sourcing";1;31;2;0;47
3.2046296296296295;1;49767;"HR";"region_2";"m";"other";1;23;1;0;49
3.2046296296296295;1;45179;"Procurement";"region_7";"m";"other";1;24;1;0;66
3.2046296296296295;0;32198;"Sales & Marketing";"region_15";"m";"sourcing";1;25;1;0;49
1.0;0;17845;"Sales & Marketing";"region_26";"m";"other";1;40;4;0;51
3.0;1;72990;"Technology";"region_16";"m";"sourcing";1;24;2;0;79
2.0;0;5206;"Sales & Marketing";"region_28";"m";"sourcing";1;31;5;0;48
5.0;0;41817;"Sales & Marketing";"region_32";"m";"other";1;25;2;0;49
3.2046296296296295;0;43451;"Analytics";"region_2";"m";"sourcing";2;23;1;0;76
1.0;0;71444;"Operations";"region_31";"m";"sourcing";1;28;4;0;66
3.0;1;75518;"Technology";"region_2";"m";"sourcing";1;25;4;0;80
3.0;1;13103;"Procurement";"region_2";"f";"sourcing";1;21;2;0;71
3.2046296296296295;0;2193;"Sales & Marketing";"region_31";"m";"other";1;24;1;0;52
4.0;1;549;"Finance";"region_22";"f";"sourcing";1;24;2;0;58
3.0;1;55814;"Finance";"region_7";"f";"sourcing";1;24;1;0;59
3.0;0;61463;"Sales & Marketing";"region_7";"m";"other";2;31;6;0;54
3.2046296296296295;0;2662;"Analytics";"region_26";"m";"sourcing";1;27;1;0;84
5.0;0;45929;"Sales & Marketing";"region_2";"m";"sourcing";1;41;7;0;48
5.0;0;11165;"Technology";"region_22";"m";"sourcing";1;27;2;0;81
3.0;0;66759;"Sales & Marketing";"region_19";"m";"other";1;33;7;0;49
1.0;0;22626;"Sales & Marketing";"region_15";"f";"other";1;31;3;0;54
5.0;0;39740;"Operations";"region_15";"f";"other";1;33;7;0;61
3.0;1;65486;"Operations";"region_7";"m";"other";1;29;4;0;63
3.0;0;23761;"Operations";"region_2";"m";"other";1;34;8;0;59
3.2046296296296295;0;53989;"Analytics";"region_22";"m";"other";1;24;1;0;86
3.2046296296296295;1;53769;"Technology";"region_2";"f";"referred";1;24;1;0;80
3.0;0;46858;"Technology";"region_2";"m";"sourcing";2;31;4;0;79
3.2046296296296295;1;10161;"Legal";"region_22";"m";"other";1;27;1;0;62
3.0;0;27219;"Technology";"region_2";"m";"other";1;30;7;0;85
4.0;0;62305;"Analytics";"region_2";"m";"sourcing";1;40;4;0;85
3.0;1;31043;"Operations";"region_22";"m";"sourcing";1;25;2;0;62
3.2046296296296295;0;22375;"Sales & Marketing";"region_28";"m";"other";1;28;1;0;50
5.0;0;27436;"Sales & Marketing";"region_2";"m";"other";1;40;7;1;65
1.0;0;10055;"Sales & Marketing";"region_2";"m";"other";1;27;4;0;49
3.0;0;75229;"Sales & Marketing";"region_6";"m";"other";1;25;2;0;48
3.2046296296296295;0;25281;"Sales & Marketing";"region_11";"m";"other";1;23;1;0;47
5.0;0;46340;"Operations";"region_2";"f";"sourcing";1;54;7;0;54
3.0;1;46140;"Operations";"region_22";"m";"sourcing";1;21;2;0;59
3.0;0;45584;"Sales & Marketing";"region_7";"m";"other";1;32;5;0;47
3.2046296296296295;0;16583;"Sales & Marketing";"region_3";"m";"sourcing";1;24;1;0;53
1.0;0;37430;"Sales & Marketing";"region_7";"m";"sourcing";1;32;7;0;52
3.0;0;46013;"Technology";"region_2";"m";"other";1;36;6;0;81
1.0;0;6340;"Sales & Marketing";"region_22";"f";"sourcing";2;29;6;0;47
3.0;0;66638;"Sales & Marketing";"region_7";"m";"other";1;34;2;0;52
5.0;0;71135;"Sales & Marketing";"region_2";"m";"sourcing";1;42;5;0;46
3.0;0;70970;"Analytics";"region_22";"m";"other";1;27;2;0;82
3.2046296296296295;1;65994;"Finance";"region_2";"m";"sourcing";1;22;1;0;62
3.0;0;12294;"Procurement";"region_2";"m";"sourcing";3;35;5;0;64
3.2046296296296295;0;35151;"Analytics";"region_32";"m";"other";1;28;1;0;86
3.0;0;17541;"Sales & Marketing";"region_26";"m";"other";1;40;9;0;46
3.2046296296296295;0;51871;"Analytics";"region_32";"m";"other";2;27;1;0;85
3.0;0;47870;"Sales & Marketing";"region_28";"m";"other";1;33;6;0;49
3.2046296296296295;1;13978;"Technology";"region_2";"f";"sourcing";1;25;1;0;84
3.2046296296296295;1;75190;"Operations";"region_22";"f";"sourcing";1;24;1;0;55
3.0;0;65644;"Analytics";"region_2";"m";"other";2;40;12;0;85
3.2046296296296295;1;11475;"Operations";"region_22";"m";"sourcing";1;23;1;0;56
5.0;1;50428;"Legal";"region_7";"m";"sourcing";1;28;3;0;59
3.0;0;76616;"Operations";"region_15";"m";"sourcing";1;30;6;0;62
2.0;0;35037;"Technology";"region_11";"m";"sourcing";1;31;4;0;77
3.2046296296296295;0;32782;"Sales & Marketing";"region_13";"m";"other";1;24;1;0;48
3.0;1;51016;"Legal";"region_2";"f";"other";1;25;2;0;61
3.2046296296296295;1;27901;"Finance";"region_16";"m";"other";1;25;1;0;60
3.2046296296296295;1;75365;"Operations";"region_25";"m";"other";1;25;1;0;59
5.0;0;76808;"Sales & Marketing";"region_14";"m";"other";2;25;4;0;54
3.2046296296296295;1;66793;"Operations";"region_2";"f";"other";1;25;1;0;60
5.0;0;8157;"Sales & Marketing";"region_25";"m";"other";1;27;6;0;52
3.2046296296296295;0;1951;"Sales & Marketing";"region_7";"m";"other";1;29;1;0;53
3.0;1;15147;"Technology";"region_22";"m";"other";1;24;2;0;81
3.0;0;75403;"Sales & Marketing";"region_27";"m";"other";1;34;8;0;48
2.0;0;35325;"Sales & Marketing";"region_31";"m";"other";1;32;3;0;48
5.0;0;29420;"Technology";"region_16";"f";"sourcing";1;35;2;0;79
4.0;1;56331;"Procurement";"region_2";"f";"other";1;25;2;0;70
3.2046296296296295;1;73371;"Technology";"region_7";"f";"sourcing";1;24;1;0;85
3.0;0;77291;"Sales & Marketing";"region_2";"m";"sourcing";1;32;3;0;46
3.2046296296296295;0;42366;"Sales & Marketing";"region_23";"m";"other";1;30;1;0;48
3.0;0;32880;"Sales & Marketing";"region_28";"m";"other";1;32;6;0;56
2.0;0;7473;"Analytics";"region_22";"m";"other";2;27;2;0;85
3.2046296296296295;0;64934;"Sales & Marketing";"region_2";"f";"sourcing";1;24;1;1;53
4.0;0;47912;"Sales & Marketing";"region_15";"m";"other";1;35;7;0;49
2.0;1;74549;"Procurement";"region_2";"f";"sourcing";1;25;2;1;66
5.0;1;47856;"Procurement";"region_2";"m";"other";2;20;2;0;65
5.0;0;76344;"Operations";"region_22";"m";"other";1;28;5;0;62
3.0;1;4449;"Technology";"region_2";"m";"other";1;20;2;0;77
3.2046296296296295;0;67224;"Sales & Marketing";"region_2";"f";"other";2;22;1;0;51
3.2046296296296295;0;45109;"Analytics";"region_2";"m";"sourcing";3;25;1;0;86
2.0;0;48398;"Procurement";"region_2";"f";"sourcing";1;30;2;0;67
3.0;0;74089;"Analytics";"region_22";"m";"sourcing";1;28;1;0;78
4.0;0;18233;"R&D";"region_2";"m";"sourcing";1;28;3;0;86
5.0;0;46540;"Sales & Marketing";"region_2";"m";"other";1;31;7;0;45
3.0;0;17269;"Procurement";"region_2";"f";"other";2;40;8;0;68
5.0;0;29149;"Operations";"region_11";"f";"sourcing";1;30;7;0;57
5.0;1;60833;"Finance";"region_2";"m";"sourcing";1;23;2;0;61
3.2046296296296295;0;29302;"Sales & Marketing";"region_2";"f";"sourcing";1;23;1;0;50
2.0;0;20280;"Analytics";"region_2";"m";"sourcing";1;35;6;0;87
3.2046296296296295;0;57059;"Analytics";"region_22";"m";"other";2;26;1;0;82
3.0;0;39403;"Analytics";"region_22";"m";"sourcing";3;27;2;0;87
4.0;1;29031;"Legal";"region_2";"m";"other";1;26;2;0;60
4.0;0;30977;"Analytics";"region_22";"m";"other";1;28;2;0;86
1.0;0;44793;"Sales & Marketing";"region_27";"m";"other";1;31;4;0;51
3.2046296296296295;1;25542;"Technology";"region_2";"m";"other";1;23;1;0;81
4.0;0;68703;"Sales & Marketing";"region_2";"m";"other";1;32;5;0;47
3.0;1;10589;"Procurement";"region_2";"f";"other";1;24;1;0;68
3.2046296296296295;1;53132;"HR";"region_2";"f";"referred";1;21;1;0;48
3.0;0;72527;"Analytics";"region_32";"m";"sourcing";1;26;1;0;81
2.0;0;47420;"Sales & Marketing";"region_2";"m";"sourcing";1;28;7;0;48
3.0;0;49841;"Analytics";"region_22";"m";"sourcing";1;28;6;0;90
3.2046296296296295;0;42917;"Sales & Marketing";"region_14";"m";"other";1;24;1;0;50
4.0;0;18687;"Sales & Marketing";"region_22";"m";"sourcing";1;30;3;0;54
2.0;1;54192;"HR";"region_22";"m";"other";1;24;2;0;47
4.0;0;31108;"Operations";"region_2";"f";"sourcing";1;53;16;0;56
3.0;0;68297;"Technology";"region_2";"m";"other";1;32;8;0;79
1.0;0;71192;"Sales & Marketing";"region_2";"m";"other";3;35;6;0;49
3.0;0;22454;"Procurement";"region_2";"m";"sourcing";1;30;3;0;64
2.0;0;22377;"Sales & Marketing";"region_2";"m";"other";2;24;2;0;48
4.0;0;26892;"Sales & Marketing";"region_9";"m";"sourcing";1;26;3;0;47
3.0;0;1853;"Analytics";"region_22";"f";"other";2;26;4;0;86
3.0;0;44807;"Analytics";"region_22";"m";"other";1;30;3;0;89
4.0;0;58006;"Sales & Marketing";"region_2";"m";"sourcing";1;26;2;0;48
1.0;0;13421;"Sales & Marketing";"region_28";"m";"other";2;29;2;0;48
3.0;1;17623;"Operations";"region_7";"m";"other";1;25;2;0;63
3.0;0;39275;"Sales & Marketing";"region_2";"m";"sourcing";1;50;5;0;45
3.0;1;30201;"Finance";"region_22";"m";"sourcing";2;25;3;0;60
3.0;1;57267;"Finance";"region_2";"m";"sourcing";4;23;1;0;58
3.2046296296296295;1;54963;"Operations";"region_22";"m";"sourcing";1;27;1;0;60
2.0;0;15635;"Sales & Marketing";"region_2";"m";"other";1;34;7;0;49
3.2046296296296295;0;37917;"Sales & Marketing";"region_2";"m";"sourcing";1;24;1;0;48
3.2046296296296295;0;74337;"Sales & Marketing";"region_32";"m";"other";1;27;1;0;50
3.0;0;17035;"Analytics";"region_2";"f";"other";1;25;3;0;81
5.0;0;35254;"Sales & Marketing";"region_7";"m";"other";1;39;13;0;48
4.0;0;10262;"Operations";"region_2";"f";"sourcing";1;35;3;0;54
3.0;1;43031;"Operations";"region_2";"m";"other";4;26;3;0;61
3.0;0;38023;"Sales & Marketing";"region_16";"m";"other";1;31;9;0;50
3.0;0;33903;"Analytics";"region_15";"m";"other";1;32;5;1;83
1.0;0;71843;"Sales & Marketing";"region_31";"m";"other";1;30;7;0;47
1.0;0;10490;"Sales & Marketing";"region_15";"m";"sourcing";2;46;6;0;51
3.2046296296296295;0;66341;"Operations";"region_22";"m";"sourcing";1;29;1;0;57
4.0;0;53316;"Sales & Marketing";"region_2";"m";"sourcing";1;46;3;0;50
3.0;0;18767;"Sales & Marketing";"region_28";"m";"other";1;25;2;0;54
3.0;1;4989;"Finance";"region_2";"m";"other";1;30;5;0;61
5.0;0;24424;"Analytics";"region_26";"m";"other";1;31;4;0;89
3.0;0;26058;"Sales & Marketing";"region_13";"m";"other";1;31;2;0;45
2.0;0;48145;"Sales & Marketing";"region_15";"m";"sourcing";1;36;10;0;51
3.2046296296296295;1;45975;"Procurement";"region_2";"f";"other";1;21;1;0;72
3.2046296296296295;0;8580;"Sales & Marketing";"region_2";"m";"other";1;21;1;0;51
3.0;0;63055;"Sales & Marketing";"region_31";"m";"other";1;33;6;0;52
3.0;1;22485;"Operations";"region_22";"m";"sourcing";1;24;2;0;59
3.0;0;7969;"Analytics";"region_2";"m";"sourcing";2;28;2;0;85
3.0;0;59003;"Sales & Marketing";"region_2";"f";"other";2;45;18;0;57
3.0;1;26080;"Procurement";"region_2";"m";"sourcing";1;25;2;0;69
4.0;0;78145;"Procurement";"region_2";"f";"sourcing";1;42;2;0;65
3.0;0;18686;"Sales & Marketing";"region_16";"m";"other";1;20;2;0;44
3.2046296296296295;1;70932;"HR";"region_22";"m";"sourcing";1;22;1;0;49
3.2046296296296295;1;29647;"Operations";"region_2";"f";"other";2;23;1;0;60
3.0;1;5538;"Operations";"region_2";"m";"other";1;23;2;0;57
3.0;0;30238;"Sales & Marketing";"region_7";"m";"other";1;31;5;0;47
3.0;0;18850;"Technology";"region_7";"m";"other";1;33;10;0;77
3.2046296296296295;0;76643;"Analytics";"region_31";"f";"other";1;27;1;0;87
4.0;0;178;"Analytics";"region_26";"m";"sourcing";1;27;4;0;86
3.0;0;49046;"Sales & Marketing";"region_15";"m";"sourcing";2;34;9;0;49
1.0;0;30784;"Sales & Marketing";"region_2";"f";"other";1;55;25;0;49
3.2046296296296295;1;70583;"Legal";"region_2";"f";"other";1;26;1;0;57
3.0;0;60589;"Analytics";"region_22";"m";"sourcing";2;29;6;0;89
3.2046296296296295;0;48668;"Sales & Marketing";"region_28";"m";"other";1;31;1;0;48
3.2046296296296295;1;76665;"Operations";"region_22";"m";"other";1;22;1;0;63
3.2046296296296295;1;43177;"Operations";"region_32";"m";"other";1;23;1;0;59
5.0;0;11216;"Sales & Marketing";"region_2";"m";"other";1;22;2;0;47
3.2046296296296295;1;60621;"Finance";"region_2";"m";"sourcing";3;25;1;0;57
3.0;0;2069;"Procurement";"region_2";"m";"sourcing";2;43;7;0;74
4.0;0;65131;"Procurement";"region_2";"m";"other";2;34;3;0;72
3.0;0;72309;"Sales & Marketing";"region_2";"m";"sourcing";1;45;5;0;45
5.0;0;8869;"Analytics";"region_2";"m";"sourcing";1;39;6;0;86
3.2046296296296295;1;28680;"Legal";"region_27";"m";"sourcing";1;27;1;0;60
3.0;1;70157;"HR";"region_7";"m";"other";1;25;2;0;43
3.2046296296296295;0;48541;"Sales & Marketing";"region_2";"m";"other";1;24;1;0;51
1.0;0;20311;"Procurement";"region_2";"m";"other";1;44;15;0;69
3.2046296296296295;0;15196;"Sales & Marketing";"region_2";"m";"other";2;20;1;0;50
1.0;0;77642;"Technology";"region_2";"m";"sourcing";1;35;9;0;79
3.0;0;41786;"Procurement";"region_2";"m";"sourcing";2;36;10;0;72
4.0;0;58843;"Analytics";"region_2";"m";"other";2;33;9;0;80
3.2046296296296295;1;34602;"Operations";"region_22";"m";"other";1;24;1;0;60
4.0;0;53209;"Sales & Marketing";"region_14";"m";"other";1;32;4;0;48
3.0;0;3531;"Operations";"region_15";"m";"other";1;32;4;0;58
3.2046296296296295;1;77308;"HR";"region_16";"f";"sourcing";1;24;1;0;49
5.0;0;52173;"Sales & Marketing";"region_7";"m";"sourcing";1;23;2;0;47
1.0;0;13353;"Sales & Marketing";"region_2";"m";"other";1;29;2;1;48
5.0;0;60633;"Sales & Marketing";"region_15";"m";"other";1;39;5;0;45
3.2046296296296295;0;45162;"Sales & Marketing";"region_2";"f";"other";1;25;1;0;51
3.0;0;9026;"Sales & Marketing";"region_15";"m";"sourcing";1;34;3;0;48
1.0;0;74578;"Sales & Marketing";"region_31";"m";"other";1;25;3;0;50
3.0;0;76773;"Sales & Marketing";"region_25";"m";"sourcing";1;25;1;0;46
3.0;0;5474;"Sales & Marketing";"region_2";"m";"sourcing";1;35;4;0;45
5.0;0;72237;"Analytics";"region_7";"m";"sourcing";1;26;4;0;87
5.0;1;26087;"HR";"region_2";"m";"other";1;25;3;0;47
4.0;0;57127;"Sales & Marketing";"region_25";"m";"other";1;27;2;0;51
3.0;0;70779;"Analytics";"region_22";"m";"other";1;29;3;0;80
3.2046296296296295;0;47597;"R&D";"region_2";"m";"other";2;26;1;0;84
3.0;0;40294;"Analytics";"region_31";"f";"sourcing";1;27;4;0;85
3.0;1;5208;"Operations";"region_7";"m";"other";1;23;2;0;58
4.0;0;55641;"Sales & Marketing";"region_15";"m";"sourcing";1;27;3;0;50
3.0;0;67807;"Sales & Marketing";"region_9";"m";"sourcing";1;27;1;0;50
3.0;0;5984;"R&D";"region_2";"m";"other";1;24;2;0;86
3.0;0;4228;"Operations";"region_7";"m";"sourcing";1;33;5;0;57
3.0;0;10968;"Procurement";"region_2";"m";"other";1;41;2;0;68
5.0;0;8533;"Sales & Marketing";"region_15";"m";"other";1;40;3;0;51
1.0;0;2000;"Sales & Marketing";"region_7";"m";"other";1;35;4;0;46
3.2046296296296295;0;61914;"Analytics";"region_32";"m";"other";1;27;1;0;86
3.2046296296296295;1;68019;"Technology";"region_2";"m";"other";1;22;1;0;76
1.0;0;14759;"Sales & Marketing";"region_2";"m";"sourcing";1;23;2;0;49
3.0;1;27487;"HR";"region_22";"f";"other";1;24;2;0;48
4.0;1;14570;"Technology";"region_2";"m";"referred";1;25;3;0;80
5.0;0;33168;"Analytics";"region_32";"m";"sourcing";1;31;6;0;83
3.2046296296296295;1;18132;"HR";"region_2";"m";"sourcing";1;24;1;0;53
5.0;0;65535;"Analytics";"region_29";"m";"other";1;27;4;0;83
3.2046296296296295;1;64869;"Operations";"region_2";"f";"sourcing";1;23;1;0;60
4.0;0;45618;"Sales & Marketing";"region_7";"m";"other";1;27;2;0;44
3.0;0;70442;"Operations";"region_32";"m";"other";3;28;1;0;57
3.0;0;51868;"Procurement";"region_2";"m";"sourcing";1;42;2;0;69
3.2046296296296295;0;5411;"Sales & Marketing";"region_31";"m";"sourcing";1;24;1;0;49
1.0;0;29050;"Sales & Marketing";"region_28";"m";"sourcing";1;31;6;0;52
1.0;0;16692;"Sales & Marketing";"region_2";"f";"other";1;25;4;0;52
1.0;0;60379;"Sales & Marketing";"region_31";"m";"other";1;22;2;0;49
3.2046296296296295;1;49922;"Procurement";"region_2";"m";"sourcing";1;23;1;0;70
3.2046296296296295;1;30822;"Technology";"region_6";"m";"sourcing";1;24;1;0;84
3.2046296296296295;0;47937;"Sales & Marketing";"region_2";"m";"sourcing";1;25;1;0;51
3.2046296296296295;1;2514;"Legal";"region_22";"f";"other";1;25;1;0;79
5.0;0;24944;"Operations";"region_2";"f";"sourcing";1;58;18;0;56
3.0;0;11121;"Technology";"region_2";"m";"other";1;23;2;0;80
3.0;0;55227;"Sales & Marketing";"region_13";"m";"sourcing";1;21;1;0;49
5.0;0;17156;"Sales & Marketing";"region_15";"m";"other";1;32;2;0;53
3.2046296296296295;1;58533;"HR";"region_2";"m";"sourcing";1;23;1;0;47
2.0;1;26715;"Procurement";"region_2";"f";"other";1;23;2;0;71
1.0;0;56260;"Sales & Marketing";"region_15";"f";"other";1;37;2;0;53
3.0;0;68501;"Sales & Marketing";"region_23";"m";"sourcing";1;31;2;0;50
3.0;0;21089;"Sales & Marketing";"region_28";"m";"sourcing";1;33;5;0;52
3.0;0;2593;"Technology";"region_7";"m";"other";1;24;1;0;79
1.0;0;21879;"Sales & Marketing";"region_2";"f";"sourcing";1;60;18;0;53
3.2046296296296295;0;40992;"Sales & Marketing";"region_22";"m";"other";4;25;1;0;47
4.0;0;7395;"Sales & Marketing";"region_1";"m";"other";1;31;2;0;93
3.0;0;35852;"Analytics";"region_7";"m";"sourcing";1;39;4;0;83
3.0;0;36049;"Operations";"region_15";"f";"sourcing";1;37;10;0;61
3.2046296296296295;0;52970;"Sales & Marketing";"region_22";"m";"other";2;29;1;0;52
1.0;0;76542;"Sales & Marketing";"region_22";"m";"sourcing";1;29;4;0;48
5.0;1;35277;"Operations";"region_16";"m";"sourcing";2;24;2;0;54
1.0;0;48818;"Sales & Marketing";"region_2";"m";"other";1;48;23;0;54
4.0;0;55579;"Sales & Marketing";"region_2";"m";"sourcing";1;25;2;0;47
3.0;0;68315;"Procurement";"region_2";"f";"other";1;58;7;0;67
3.2046296296296295;1;22046;"Legal";"region_2";"m";"sourcing";1;26;1;0;61
3.0;1;829;"Technology";"region_2";"m";"other";1;21;2;0;82
5.0;0;64646;"Sales & Marketing";"region_2";"m";"referred";1;25;2;0;54
3.0;0;20042;"Sales & Marketing";"region_2";"f";"sourcing";1;31;6;0;53
2.0;0;55262;"Sales & Marketing";"region_9";"m";"sourcing";1;30;4;0;49
3.0;1;36607;"Technology";"region_2";"m";"referred";2;25;2;0;78
3.0;0;50444;"Operations";"region_15";"m";"sourcing";1;31;3;0;65
3.2046296296296295;0;63835;"Analytics";"region_2";"m";"other";3;25;1;0;84
5.0;1;7953;"Finance";"region_7";"m";"other";1;24;1;0;54
5.0;0;51192;"Legal";"region_22";"m";"other";1;29;2;0;60
5.0;1;72145;"Operations";"region_2";"m";"other";1;25;4;0;60
2.0;1;35234;"Operations";"region_2";"f";"sourcing";1;24;2;0;59
3.0;0;16797;"Technology";"region_2";"m";"sourcing";1;33;2;0;83
3.2046296296296295;0;38546;"Sales & Marketing";"region_2";"m";"sourcing";2;22;1;0;48
3.0;0;7705;"Operations";"region_15";"f";"other";1;37;7;0;53
1.0;0;16527;"Sales & Marketing";"region_7";"m";"other";1;34;10;0;50
3.0;0;25589;"Finance";"region_2";"m";"sourcing";1;43;17;0;57
3.0;0;60413;"Sales & Marketing";"region_25";"m";"other";1;30;5;0;53
5.0;0;45519;"Sales & Marketing";"region_25";"m";"other";1;25;3;0;56
5.0;1;27614;"Operations";"region_7";"m";"other";1;25;2;0;59
5.0;0;76454;"Sales & Marketing";"region_22";"m";"other";1;29;3;0;49
3.2046296296296295;1;54858;"Technology";"region_2";"f";"other";1;23;1;0;80
3.0;0;57147;"Sales & Marketing";"region_22";"m";"other";1;29;5;0;51
5.0;0;32228;"Sales & Marketing";"region_7";"m";"other";1;32;2;0;46
5.0;1;28007;"Technology";"region_22";"f";"sourcing";1;24;2;0;80
5.0;1;34729;"HR";"region_2";"m";"other";1;25;2;1;57
1.0;0;31679;"Sales & Marketing";"region_9";"m";"sourcing";2;29;6;0;52
3.2046296296296295;1;6532;"Technology";"region_2";"f";"other";1;22;1;0;79
3.0;1;61061;"Finance";"region_2";"f";"other";1;25;2;0;63
3.2046296296296295;1;37405;"Technology";"region_2";"f";"other";1;23;1;0;80
5.0;0;17806;"Analytics";"region_22";"m";"other";2;28;5;0;83
5.0;0;19721;"Analytics";"region_25";"m";"sourcing";2;25;3;0;78
4.0;1;37926;"Legal";"region_2";"m";"other";1;25;2;0;57
1.0;0;47200;"Sales & Marketing";"region_13";"m";"other";1;23;2;0;50
3.0;0;27814;"Sales & Marketing";"region_7";"m";"sourcing";1;30;3;0;46
5.0;1;43957;"Operations";"region_2";"f";"other";1;25;2;0;59
4.0;0;24692;"Operations";"region_2";"f";"other";2;35;8;0;55
3.0;0;74653;"Operations";"region_2";"f";"other";1;59;6;0;59
5.0;0;73348;"Operations";"region_2";"m";"other";2;39;9;0;60
3.0;0;22724;"Analytics";"region_2";"m";"other";1;27;3;0;86
2.0;0;18065;"Sales & Marketing";"region_2";"m";"other";2;21;2;0;54
5.0;0;27271;"Sales & Marketing";"region_2";"m";"other";1;24;3;0;48
3.2046296296296295;1;64352;"Technology";"region_2";"m";"other";1;20;1;0;77
4.0;0;29282;"Sales & Marketing";"region_7";"m";"other";1;21;2;0;66
3.2046296296296295;0;53996;"Analytics";"region_2";"m";"sourcing";1;23;1;0;83
3.0;0;66181;"Operations";"region_15";"m";"other";1;32;7;0;60
2.0;0;6214;"Sales & Marketing";"region_26";"m";"other";1;32;5;0;43
3.0;0;51882;"Sales & Marketing";"region_2";"m";"other";1;39;10;0;49
3.2046296296296295;1;22206;"Finance";"region_16";"m";"other";1;23;1;0;60
5.0;0;47599;"Operations";"region_32";"m";"sourcing";1;31;2;0;59
3.2046296296296295;0;60292;"Analytics";"region_22";"m";"sourcing";1;26;1;0;86
3.0;0;55646;"Sales & Marketing";"region_15";"f";"other";1;29;3;0;50
3.0;0;70372;"Analytics";"region_26";"m";"sourcing";1;29;2;0;80
2.0;1;74810;"Technology";"region_2";"m";"other";2;25;3;0;79
3.0;0;15138;"Sales & Marketing";"region_22";"m";"sourcing";2;27;2;0;50
3.0;0;14780;"Sales & Marketing";"region_23";"m";"other";1;39;8;0;49
4.0;1;59854;"Operations";"region_2";"f";"other";1;23;1;0;65
5.0;0;62052;"Analytics";"region_2";"m";"other";1;40;2;0;85
5.0;0;10884;"Finance";"region_2";"f";"other";1;33;3;0;58
1.0;0;45225;"Sales & Marketing";"region_2";"m";"sourcing";1;38;11;0;50
3.2046296296296295;0;4562;"Sales & Marketing";"region_31";"m";"sourcing";1;26;1;0;53
1.0;0;72718;"Sales & Marketing";"region_7";"m";"sourcing";1;23;2;0;49
1.0;0;18268;"Technology";"region_2";"f";"sourcing";1;28;3;0;77
2.0;0;72642;"Analytics";"region_22";"m";"other";1;30;6;0;86
3.0;0;60936;"Sales & Marketing";"region_26";"m";"other";1;25;4;0;50
3.0;0;859;"Technology";"region_2";"f";"other";1;30;2;0;76
3.2046296296296295;0;13274;"Sales & Marketing";"region_13";"m";"sourcing";2;23;1;0;51
5.0;0;23351;"Sales & Marketing";"region_2";"m";"other";1;34;10;0;48
3.0;1;48675;"HR";"region_2";"f";"sourcing";1;25;2;0;49
3.0;0;32597;"Sales & Marketing";"region_7";"m";"sourcing";1;26;3;0;47
3.0;0;22436;"Analytics";"region_22";"m";"other";1;26;2;0;82
5.0;0;23108;"Procurement";"region_2";"f";"other";1;31;5;0;65
4.0;0;1107;"HR";"region_2";"m";"other";1;30;3;0;50
3.0;1;47577;"Procurement";"region_2";"m";"other";4;24;3;0;73
5.0;0;40304;"Analytics";"region_7";"m";"other";3;26;4;0;86
3.0;1;18264;"Technology";"region_2";"m";"sourcing";1;24;2;0;75
4.0;0;20688;"Analytics";"region_22";"f";"sourcing";1;28;4;0;81
1.0;0;10549;"Technology";"region_27";"m";"other";1;30;5;0;77
3.0;1;4117;"Operations";"region_15";"m";"sourcing";1;25;2;0;61
3.2046296296296295;1;66146;"Finance";"region_22";"m";"sourcing";1;25;1;0;61
3.2046296296296295;1;55853;"Finance";"region_2";"f";"sourcing";1;23;1;0;62
4.0;1;34363;"Technology";"region_7";"f";"sourcing";2;24;2;0;80
3.0;0;69656;"Sales & Marketing";"region_32";"m";"other";1;26;3;0;50
3.2046296296296295;0;2813;"Analytics";"region_7";"m";"other";1;24;1;0;87
3.0;0;13270;"Operations";"region_15";"m";"other";1;42;11;0;64
3.0;1;55521;"Procurement";"region_2";"m";"other";1;21;2;0;69
3.0;1;14349;"Operations";"region_7";"m";"sourcing";1;25;3;0;59
3.0;0;76416;"Sales & Marketing";"region_16";"m";"other";1;26;5;0;50
3.2046296296296295;1;53677;"Procurement";"region_2";"m";"sourcing";3;24;1;0;69
3.0;1;35965;"Procurement";"region_2";"f";"sourcing";1;23;2;0;71
4.0;0;28468;"Sales & Marketing";"region_2";"m";"other";1;51;12;0;53
3.0;0;24251;"Sales & Marketing";"region_2";"m";"sourcing";1;41;12;0;96
4.0;0;73342;"Sales & Marketing";"region_4";"m";"other";1;38;6;0;51
1.0;1;66187;"Technology";"region_2";"m";"other";1;24;2;0;81
5.0;0;27203;"Operations";"region_15";"m";"sourcing";1;39;14;0;64
1.0;0;51219;"Sales & Marketing";"region_2";"m";"other";1;31;4;0;50
1.0;1;550;"Operations";"region_2";"f";"other";1;21;2;0;58
3.0;0;18925;"Sales & Marketing";"region_7";"m";"sourcing";1;28;5;0;54
3.2046296296296295;1;22760;"HR";"region_2";"m";"other";1;23;1;0;47
3.2046296296296295;1;36899;"Finance";"region_2";"m";"other";3;25;1;0;56
3.2046296296296295;1;57065;"HR";"region_2";"m";"sourcing";1;23;1;0;49
1.0;0;64662;"Sales & Marketing";"region_26";"m";"other";1;26;4;0;55
2.0;0;54478;"Analytics";"region_22";"m";"other";2;27;4;0;83
3.0;1;65828;"HR";"region_2";"m";"referred";1;24;2;0;56
3.0;1;68452;"Technology";"region_7";"m";"other";1;26;4;0;82
5.0;0;40037;"Sales & Marketing";"region_2";"m";"other";1;29;6;0;54
3.2046296296296295;1;26328;"Operations";"region_14";"m";"other";1;22;1;0;61
3.0;0;38043;"Sales & Marketing";"region_26";"m";"other";1;32;3;0;48
3.2046296296296295;1;77290;"Procurement";"region_7";"f";"other";1;23;1;0;66
3.0;1;47742;"Procurement";"region_2";"f";"other";1;25;2;0;93
3.2046296296296295;0;3027;"Sales & Marketing";"region_7";"m";"other";1;22;1;0;51
3.0;0;64539;"Analytics";"region_22";"f";"sourcing";1;27;7;0;87
3.2046296296296295;0;23280;"HR";"region_2";"f";"other";1;24;1;0;48
5.0;0;43452;"Operations";"region_15";"f";"other";1;34;8;0;58
3.0;1;26132;"Technology";"region_7";"f";"sourcing";1;25;4;1;82
3.0;0;42664;"Sales & Marketing";"region_15";"m";"sourcing";1;24;2;1;53
3.0;0;51860;"Sales & Marketing";"region_16";"m";"other";2;25;2;0;49
3.0;0;54454;"Sales & Marketing";"region_2";"m";"sourcing";1;39;3;0;51
3.0;0;66663;"Sales & Marketing";"region_22";"f";"other";2;26;3;0;50
3.2046296296296295;0;47769;"Analytics";"region_7";"m";"other";1;28;1;0;87
4.0;1;56042;"Legal";"region_2";"m";"other";1;26;2;0;57
1.0;0;36855;"Sales & Marketing";"region_15";"m";"other";1;31;3;0;48
4.0;0;57334;"Sales & Marketing";"region_15";"m";"other";1;30;2;0;51
3.0;0;29564;"Analytics";"region_2";"m";"other";2;37;10;0;84
1.0;0;31573;"Sales & Marketing";"region_15";"m";"other";1;46;19;0;53
5.0;0;45196;"Sales & Marketing";"region_2";"m";"other";1;50;15;0;52
3.0;0;38113;"Operations";"region_32";"f";"sourcing";1;28;7;0;59
2.0;0;21031;"Sales & Marketing";"region_16";"m";"other";1;34;7;0;48
1.0;0;38442;"Sales & Marketing";"region_15";"m";"other";1;34;2;0;52
4.0;0;24222;"Sales & Marketing";"region_7";"m";"sourcing";1;26;3;0;53
3.0;0;67285;"Sales & Marketing";"region_2";"m";"other";1;24;2;0;48
3.0;1;75367;"Finance";"region_2";"m";"other";1;26;3;0;57
3.2046296296296295;0;17684;"Sales & Marketing";"region_22";"m";"other";1;25;1;0;55
3.0;0;38837;"Sales & Marketing";"region_9";"m";"other";1;35;10;0;45
4.0;0;97;"Analytics";"region_22";"m";"other";1;31;2;0;87
3.0;0;14094;"Sales & Marketing";"region_31";"m";"sourcing";1;34;5;0;45
3.2046296296296295;0;70922;"Sales & Marketing";"region_31";"m";"sourcing";1;29;1;0;52
1.0;0;67712;"Sales & Marketing";"region_28";"m";"other";1;33;5;0;48
5.0;0;18036;"Analytics";"region_2";"m";"other";1;37;5;0;80
4.0;0;57720;"Sales & Marketing";"region_22";"f";"other";1;29;5;0;43
4.0;0;53500;"Technology";"region_2";"m";"other";1;26;3;0;79
3.0;0;55826;"Sales & Marketing";"region_2";"m";"sourcing";1;37;5;0;48
3.0;0;8191;"Sales & Marketing";"region_13";"m";"sourcing";1;22;2;0;48
3.0;0;58915;"Operations";"region_2";"m";"sourcing";1;25;2;0;57
2.0;0;20373;"HR";"region_2";"m";"other";1;31;3;0;46
5.0;0;19301;"Sales & Marketing";"region_22";"m";"sourcing";1;30;6;0;48
3.2046296296296295;0;76459;"Sales & Marketing";"region_22";"m";"sourcing";1;21;1;0;49
1.0;0;60480;"Sales & Marketing";"region_16";"f";"other";1;24;2;0;51
4.0;0;22664;"Operations";"region_2";"f";"other";1;31;4;0;57
5.0;0;78032;"Sales & Marketing";"region_2";"m";"sourcing";1;29;5;0;48
3.0;0;78023;"Sales & Marketing";"region_2";"m";"sourcing";1;25;3;0;50
3.0;1;75571;"HR";"region_7";"f";"other";1;26;3;0;46
3.0;0;31127;"Sales & Marketing";"region_26";"m";"sourcing";1;40;2;0;51
5.0;0;40106;"Sales & Marketing";"region_7";"m";"sourcing";1;24;1;0;50
3.0;0;45467;"Operations";"region_2";"f";"sourcing";2;36;7;0;60
1.0;0;75477;"Sales & Marketing";"region_2";"f";"sourcing";1;22;2;0;51
3.0;0;32219;"Sales & Marketing";"region_2";"m";"sourcing";1;23;2;0;53
3.0;0;68601;"Sales & Marketing";"region_28";"m";"other";1;29;3;0;50
2.0;0;76512;"Operations";"region_32";"m";"other";1;32;3;0;59
3.0;0;28015;"Sales & Marketing";"region_7";"m";"sourcing";1;27;3;0;48
4.0;0;43219;"Sales & Marketing";"region_7";"m";"sourcing";1;34;6;0;49
3.0;0;76944;"Sales & Marketing";"region_2";"m";"sourcing";1;25;3;0;64
4.0;0;23417;"Sales & Marketing";"region_25";"m";"sourcing";1;30;3;0;50
3.2046296296296295;1;46822;"HR";"region_32";"m";"other";1;23;1;0;48
4.0;0;21908;"Operations";"region_2";"f";"other";1;35;9;0;57
3.2046296296296295;0;18186;"Sales & Marketing";"region_26";"f";"other";1;24;1;0;47
2.0;0;29588;"Sales & Marketing";"region_11";"m";"sourcing";1;38;9;0;48
3.0;0;73726;"Analytics";"region_22";"f";"sourcing";1;29;8;0;88
3.0;0;1535;"Sales & Marketing";"region_23";"m";"sourcing";2;41;11;0;50
3.0;0;48330;"Sales & Marketing";"region_27";"m";"sourcing";1;32;8;0;43
5.0;1;8127;"Legal";"region_2";"m";"sourcing";1;28;1;0;62
2.0;0;34005;"Sales & Marketing";"region_32";"f";"other";1;29;7;0;53
3.0;0;18977;"Sales & Marketing";"region_19";"m";"sourcing";1;30;6;0;45
4.0;1;40839;"Procurement";"region_2";"m";"other";2;23;2;0;69
3.0;0;41066;"Sales & Marketing";"region_28";"m";"sourcing";1;25;2;0;45
3.2046296296296295;0;3025;"Sales & Marketing";"region_27";"m";"other";1;23;1;0;49
1.0;0;21762;"Sales & Marketing";"region_2";"f";"sourcing";1;21;2;0;48
3.2046296296296295;0;50880;"Analytics";"region_22";"m";"other";1;29;1;0;84
4.0;0;29131;"Sales & Marketing";"region_28";"m";"sourcing";1;32;2;0;46
3.0;1;19288;"HR";"region_7";"m";"sourcing";1;25;1;0;48
2.0;0;15216;"Sales & Marketing";"region_16";"m";"other";1;36;5;0;52
5.0;0;37264;"Operations";"region_7";"m";"sourcing";1;33;2;0;64
3.0;1;12160;"Procurement";"region_2";"f";"other";2;23;1;0;68
3.2046296296296295;0;35871;"HR";"region_2";"m";"other";1;34;1;0;49
1.0;0;50530;"Sales & Marketing";"region_2";"m";"other";2;22;2;0;41
3.2046296296296295;0;58766;"Analytics";"region_22";"m";"other";1;29;1;1;80
5.0;0;32364;"Procurement";"region_17";"f";"other";1;31;6;0;67
5.0;0;57200;"Sales & Marketing";"region_2";"m";"sourcing";1;50;3;0;50
3.0;0;59344;"Sales & Marketing";"region_31";"m";"sourcing";1;29;2;0;48
3.0;0;53193;"Sales & Marketing";"region_22";"m";"sourcing";3;25;3;0;51
3.0;0;19115;"R&D";"region_2";"m";"sourcing";2;27;2;0;83
4.0;1;10235;"Procurement";"region_2";"m";"sourcing";1;24;2;1;82
4.0;0;65060;"Sales & Marketing";"region_13";"m";"other";1;32;4;0;50
3.0;0;2327;"Analytics";"region_22";"m";"sourcing";1;27;4;0;88
4.0;0;43779;"Analytics";"region_26";"m";"other";1;27;2;0;86
4.0;1;154;"Finance";"region_2";"f";"sourcing";1;22;2;0;58
5.0;0;68029;"Sales & Marketing";"region_2";"f";"other";1;26;2;0;50
3.2046296296296295;0;18634;"Sales & Marketing";"region_7";"m";"sourcing";2;24;1;0;49
3.2046296296296295;1;1705;"Legal";"region_22";"m";"other";1;26;1;0;64
3.0;0;48517;"Sales & Marketing";"region_22";"m";"other";1;21;1;0;48
3.0;0;25742;"Sales & Marketing";"region_15";"m";"other";2;27;2;0;47
1.0;0;15393;"Sales & Marketing";"region_7";"m";"other";1;43;15;0;49
3.2046296296296295;1;1563;"Technology";"region_2";"f";"other";1;25;1;0;80
5.0;0;31908;"Sales & Marketing";"region_2";"m";"other";1;27;1;0;50
3.0;0;26679;"Sales & Marketing";"region_31";"m";"other";1;31;6;0;52
4.0;0;41751;"Operations";"region_2";"f";"sourcing";1;38;7;0;61
3.0;1;70977;"Procurement";"region_2";"m";"other";1;24;2;0;67
3.0;0;20441;"Sales & Marketing";"region_9";"m";"other";1;30;2;0;50
3.0;0;14036;"Sales & Marketing";"region_7";"m";"other";6;26;3;0;48
3.0;0;5890;"Analytics";"region_15";"m";"sourcing";1;34;5;0;87
2.0;0;65429;"Analytics";"region_15";"m";"sourcing";1;30;7;0;83
2.0;0;30477;"Sales & Marketing";"region_22";"m";"other";1;31;7;0;52
4.0;0;27284;"Sales & Marketing";"region_2";"m";"sourcing";2;44;4;0;49
3.0;1;53478;"Legal";"region_2";"m";"sourcing";1;24;1;0;61
